product_id,supplier_id,sku,category,unit_cost,reorder_point
IP00001,SUP0001,SC-000001,components,539.77,350
IP00002,SUP0002,SC-000002,packaging,430.74,397
IP00003,SUP0003,SC-000003,finished_goods,772.73,65
IP00004,SUP0004,SC-000004,consumables,562.48,491
IP00005,SUP0005,SC-000005,spares,372.97,246
IP00006,SUP0006,SC-000006,components,201.70,247
IP00007,SUP0007,SC-000007,packaging,472.26,314
IP00008,SUP0008,SC-000008,finished_goods,738.48,472
IP00009,SUP0009,SC-000009,consumables,405.06,353
IP00010,SUP0010,SC-000010,spares,32.69,29
IP00011,SUP0011,SC-000011,components,115.10,121
IP00012,SUP0012,SC-000012,packaging,754.34,471
IP00013,SUP0013,SC-000013,finished_goods,687.06,448
IP00014,SUP0014,SC-000014,consumables,445.43,429
IP00015,SUP0015,SC-000015,spares,23.46,119
IP00016,SUP0016,SC-000016,components,764.07,376
IP00017,SUP0017,SC-000017,packaging,489.67,285
IP00018,SUP0018,SC-000018,finished_goods,129.09,175
IP00019,SUP0019,SC-000019,consumables,650.11,228
IP00020,SUP0020,SC-000020,spares,524.28,89
IP00021,SUP0021,SC-000021,components,228.39,219
IP00022,SUP0022,SC-000022,packaging,342.83,422
IP00023,SUP0023,SC-000023,finished_goods,798.44,430
IP00024,SUP0024,SC-000024,consumables,409.07,384
IP00025,SUP0025,SC-000025,spares,631.60,330
IP00026,SUP0026,SC-000026,components,588.56,494
IP00027,SUP0027,SC-000027,packaging,648.67,435
IP00028,SUP0028,SC-000028,finished_goods,584.36,73
IP00029,SUP0029,SC-000029,consumables,6.96,128
IP00030,SUP0030,SC-000030,spares,127.98,139
IP00031,SUP0031,SC-000031,components,396.96,75
IP00032,SUP0032,SC-000032,packaging,404.51,106
IP00033,SUP0033,SC-000033,finished_goods,335.33,325
IP00034,SUP0034,SC-000034,consumables,431.10,266
IP00035,SUP0035,SC-000035,spares,749.54,309
IP00036,SUP0036,SC-000036,components,246.49,280
IP00037,SUP0037,SC-000037,packaging,524.90,204
IP00038,SUP0038,SC-000038,finished_goods,428.80,84
IP00039,SUP0039,SC-000039,consumables,523.69,46
IP00040,SUP0040,SC-000040,spares,492.46,489
IP00041,SUP0041,SC-000041,components,741.60,195
IP00042,SUP0042,SC-000042,packaging,277.43,377
IP00043,SUP0043,SC-000043,finished_goods,733.06,475
IP00044,SUP0044,SC-000044,consumables,467.90,154
IP00045,SUP0045,SC-000045,spares,509.68,366
IP00046,SUP0046,SC-000046,components,24.24,237
IP00047,SUP0047,SC-000047,packaging,534.57,122
IP00048,SUP0048,SC-000048,finished_goods,618.56,421
IP00049,SUP0049,SC-000049,consumables,387.04,320
IP00050,SUP0050,SC-000050,spares,443.52,276
IP00051,SUP0051,SC-000051,components,259.03,100
IP00052,SUP0052,SC-000052,packaging,625.94,395
IP00053,SUP0053,SC-000053,finished_goods,496.93,273
IP00054,SUP0054,SC-000054,consumables,457.96,416
IP00055,SUP0055,SC-000055,spares,12.59,420
IP00056,SUP0056,SC-000056,components,279.05,313
IP00057,SUP0057,SC-000057,packaging,386.66,256
IP00058,SUP0058,SC-000058,finished_goods,71.21,73
IP00059,SUP0059,SC-000059,consumables,528.68,307
IP00060,SUP0060,SC-000060,spares,420.49,149
IP00061,SUP0061,SC-000061,components,370.12,361
IP00062,SUP0062,SC-000062,packaging,747.19,254
IP00063,SUP0063,SC-000063,finished_goods,440.48,27
IP00064,SUP0064,SC-000064,consumables,493.47,484
IP00065,SUP0065,SC-000065,spares,503.30,33
IP00066,SUP0066,SC-000066,components,63.72,102
IP00067,SUP0067,SC-000067,packaging,491.50,52
IP00068,SUP0068,SC-000068,finished_goods,87.70,335
IP00069,SUP0069,SC-000069,consumables,746.04,294
IP00070,SUP0070,SC-000070,spares,471.77,186
IP00071,SUP0071,SC-000071,components,615.09,110
IP00072,SUP0072,SC-000072,packaging,485.97,217
IP00073,SUP0073,SC-000073,finished_goods,332.49,165
IP00074,SUP0074,SC-000074,consumables,428.43,296
IP00075,SUP0075,SC-000075,spares,652.95,309
IP00076,SUP0076,SC-000076,components,90.03,45
IP00077,SUP0077,SC-000077,packaging,153.01,79
IP00078,SUP0078,SC-000078,finished_goods,360.73,485
IP00079,SUP0079,SC-000079,consumables,151.90,152
IP00080,SUP0080,SC-000080,spares,629.11,348
IP00081,SUP0081,SC-000081,components,163.89,180
IP00082,SUP0082,SC-000082,packaging,243.82,319
IP00083,SUP0083,SC-000083,finished_goods,229.90,230
IP00084,SUP0084,SC-000084,consumables,171.15,376
IP00085,SUP0085,SC-000085,spares,810.77,209
IP00086,SUP0086,SC-000086,components,435.71,365
IP00087,SUP0087,SC-000087,packaging,687.35,62
IP00088,SUP0088,SC-000088,finished_goods,775.36,208
IP00089,SUP0089,SC-000089,consumables,293.43,303
IP00090,SUP0090,SC-000090,spares,200.77,190
IP00091,SUP0091,SC-000091,components,518.01,254
IP00092,SUP0092,SC-000092,packaging,734.17,32
IP00093,SUP0093,SC-000093,finished_goods,500.34,346
IP00094,SUP0094,SC-000094,consumables,548.51,123
IP00095,SUP0095,SC-000095,spares,272.49,117
IP00096,SUP0096,SC-000096,components,442.72,368
IP00097,SUP0097,SC-000097,packaging,394.03,401
IP00098,SUP0098,SC-000098,finished_goods,382.90,462
IP00099,SUP0099,SC-000099,consumables,377.81,320
IP00100,SUP0100,SC-000100,spares,77.18,368
IP00101,SUP0101,SC-000101,components,278.38,199
IP00102,SUP0102,SC-000102,packaging,128.00,191
IP00103,SUP0103,SC-000103,finished_goods,551.16,409
IP00104,SUP0104,SC-000104,consumables,188.37,357
IP00105,SUP0105,SC-000105,spares,423.66,211
IP00106,SUP0106,SC-000106,components,132.53,472
IP00107,SUP0107,SC-000107,packaging,437.75,129
IP00108,SUP0108,SC-000108,finished_goods,287.44,251
IP00109,SUP0109,SC-000109,consumables,1.50,26
IP00110,SUP0110,SC-000110,spares,559.34,283
IP00111,SUP0111,SC-000111,components,606.66,345
IP00112,SUP0112,SC-000112,packaging,59.03,380
IP00113,SUP0113,SC-000113,finished_goods,545.45,353
IP00114,SUP0114,SC-000114,consumables,336.61,495
IP00115,SUP0115,SC-000115,spares,400.23,189
IP00116,SUP0116,SC-000116,components,43.29,193
IP00117,SUP0117,SC-000117,packaging,782.12,203
IP00118,SUP0118,SC-000118,finished_goods,533.41,64
IP00119,SUP0119,SC-000119,consumables,591.39,470
IP00120,SUP0120,SC-000120,spares,735.69,191
IP00121,SUP0121,SC-000121,components,509.40,158
IP00122,SUP0122,SC-000122,packaging,421.29,165
IP00123,SUP0123,SC-000123,finished_goods,547.40,476
IP00124,SUP0124,SC-000124,consumables,583.91,166
IP00125,SUP0125,SC-000125,spares,66.10,216
IP00126,SUP0126,SC-000126,components,734.34,91
IP00127,SUP0127,SC-000127,packaging,377.97,104
IP00128,SUP0128,SC-000128,finished_goods,208.43,27
IP00129,SUP0129,SC-000129,consumables,525.64,490
IP00130,SUP0130,SC-000130,spares,157.96,297
IP00131,SUP0131,SC-000131,components,165.18,180
IP00132,SUP0132,SC-000132,packaging,643.41,394
IP00133,SUP0133,SC-000133,finished_goods,721.38,56
IP00134,SUP0134,SC-000134,consumables,490.52,424
IP00135,SUP0135,SC-000135,spares,452.79,262
IP00136,SUP0136,SC-000136,components,692.30,167
IP00137,SUP0137,SC-000137,packaging,426.90,341
IP00138,SUP0138,SC-000138,finished_goods,696.27,345
IP00139,SUP0139,SC-000139,consumables,640.70,264
IP00140,SUP0140,SC-000140,spares,305.70,204
IP00141,SUP0141,SC-000141,components,694.61,395
IP00142,SUP0142,SC-000142,packaging,305.82,399
IP00143,SUP0143,SC-000143,finished_goods,451.10,64
IP00144,SUP0144,SC-000144,consumables,316.46,89
IP00145,SUP0145,SC-000145,spares,704.01,108
IP00146,SUP0146,SC-000146,components,90.61,258
IP00147,SUP0147,SC-000147,packaging,598.71,295
IP00148,SUP0148,SC-000148,finished_goods,706.58,54
IP00149,SUP0149,SC-000149,consumables,778.20,289
IP00150,SUP0150,SC-000150,spares,340.96,278
IP00151,SUP0151,SC-000151,components,601.58,202
IP00152,SUP0152,SC-000152,packaging,480.99,395
IP00153,SUP0153,SC-000153,finished_goods,423.26,241
IP00154,SUP0154,SC-000154,consumables,334.09,349
IP00155,SUP0155,SC-000155,spares,735.51,341
IP00156,SUP0156,SC-000156,components,326.81,307
IP00157,SUP0157,SC-000157,packaging,614.70,381
IP00158,SUP0158,SC-000158,finished_goods,124.94,100
IP00159,SUP0159,SC-000159,consumables,841.04,383
IP00160,SUP0160,SC-000160,spares,62.78,111
IP00161,SUP0161,SC-000161,components,758.01,61
IP00162,SUP0162,SC-000162,packaging,299.51,328
IP00163,SUP0163,SC-000163,finished_goods,445.40,319
IP00164,SUP0164,SC-000164,consumables,749.35,27
IP00165,SUP0165,SC-000165,spares,508.54,412
IP00166,SUP0166,SC-000166,components,211.76,169
IP00167,SUP0167,SC-000167,packaging,108.63,156
IP00168,SUP0168,SC-000168,finished_goods,339.62,459
IP00169,SUP0169,SC-000169,consumables,527.96,422
IP00170,SUP0170,SC-000170,spares,348.78,295
IP00171,SUP0171,SC-000171,components,570.84,36
IP00172,SUP0172,SC-000172,packaging,278.49,44
IP00173,SUP0173,SC-000173,finished_goods,544.47,469
IP00174,SUP0174,SC-000174,consumables,60.88,434
IP00175,SUP0175,SC-000175,spares,470.40,194
IP00176,SUP0176,SC-000176,components,93.20,485
IP00177,SUP0177,SC-000177,packaging,162.31,245
IP00178,SUP0178,SC-000178,finished_goods,106.68,398
IP00179,SUP0179,SC-000179,consumables,180.10,237
IP00180,SUP0180,SC-000180,spares,306.91,471
IP00181,SUP0181,SC-000181,components,148.53,98
IP00182,SUP0182,SC-000182,packaging,229.20,447
IP00183,SUP0183,SC-000183,finished_goods,451.03,180
IP00184,SUP0184,SC-000184,consumables,65.33,327
IP00185,SUP0185,SC-000185,spares,308.30,100
IP00186,SUP0186,SC-000186,components,808.40,468
IP00187,SUP0187,SC-000187,packaging,802.61,451
IP00188,SUP0188,SC-000188,finished_goods,847.27,199
IP00189,SUP0189,SC-000189,consumables,689.63,234
IP00190,SUP0190,SC-000190,spares,496.15,489
IP00191,SUP0191,SC-000191,components,15.75,48
IP00192,SUP0192,SC-000192,packaging,322.43,339
IP00193,SUP0193,SC-000193,finished_goods,17.14,341
IP00194,SUP0194,SC-000194,consumables,813.12,246
IP00195,SUP0195,SC-000195,spares,628.10,295
IP00196,SUP0196,SC-000196,components,726.70,92
IP00197,SUP0197,SC-000197,packaging,484.64,221
IP00198,SUP0198,SC-000198,finished_goods,622.73,320
IP00199,SUP0199,SC-000199,consumables,249.27,128
IP00200,SUP0200,SC-000200,spares,335.04,26
IP00201,SUP0201,SC-000201,components,394.62,276
IP00202,SUP0202,SC-000202,packaging,597.52,133
IP00203,SUP0203,SC-000203,finished_goods,2.09,126
IP00204,SUP0204,SC-000204,consumables,444.74,273
IP00205,SUP0205,SC-000205,spares,81.08,450
IP00206,SUP0206,SC-000206,components,92.78,498
IP00207,SUP0207,SC-000207,packaging,176.98,140
IP00208,SUP0208,SC-000208,finished_goods,234.46,214
IP00209,SUP0209,SC-000209,consumables,184.21,291
IP00210,SUP0210,SC-000210,spares,427.39,219
IP00211,SUP0211,SC-000211,components,328.17,53
IP00212,SUP0212,SC-000212,packaging,809.01,220
IP00213,SUP0213,SC-000213,finished_goods,648.31,261
IP00214,SUP0214,SC-000214,consumables,242.22,360
IP00215,SUP0215,SC-000215,spares,476.48,282
IP00216,SUP0216,SC-000216,components,264.98,460
IP00217,SUP0217,SC-000217,packaging,61.76,65
IP00218,SUP0218,SC-000218,finished_goods,325.74,37
IP00219,SUP0219,SC-000219,consumables,165.18,446
IP00220,SUP0220,SC-000220,spares,200.08,151
IP00221,SUP0221,SC-000221,components,340.26,90
IP00222,SUP0222,SC-000222,packaging,792.37,81
IP00223,SUP0223,SC-000223,finished_goods,645.12,369
IP00224,SUP0224,SC-000224,consumables,29.75,484
IP00225,SUP0225,SC-000225,spares,32.93,113
IP00226,SUP0226,SC-000226,components,694.69,287
IP00227,SUP0227,SC-000227,packaging,164.49,127
IP00228,SUP0228,SC-000228,finished_goods,203.81,168
IP00229,SUP0229,SC-000229,consumables,394.01,252
IP00230,SUP0230,SC-000230,spares,425.70,226
IP00231,SUP0231,SC-000231,components,598.39,267
IP00232,SUP0232,SC-000232,packaging,53.58,455
IP00233,SUP0233,SC-000233,finished_goods,788.50,154
IP00234,SUP0234,SC-000234,consumables,246.90,181
IP00235,SUP0235,SC-000235,spares,568.57,402
IP00236,SUP0236,SC-000236,components,496.19,391
IP00237,SUP0237,SC-000237,packaging,572.07,357
IP00238,SUP0238,SC-000238,finished_goods,607.18,201
IP00239,SUP0239,SC-000239,consumables,324.72,81
IP00240,SUP0240,SC-000240,spares,453.47,61
IP00241,SUP0241,SC-000241,components,15.71,494
IP00242,SUP0242,SC-000242,packaging,94.18,284
IP00243,SUP0243,SC-000243,finished_goods,49.06,157
IP00244,SUP0244,SC-000244,consumables,383.57,411
IP00245,SUP0245,SC-000245,spares,753.73,213
IP00246,SUP0246,SC-000246,components,365.35,393
IP00247,SUP0247,SC-000247,packaging,156.19,336
IP00248,SUP0248,SC-000248,finished_goods,1.24,176
IP00249,SUP0249,SC-000249,consumables,653.05,419
IP00250,SUP0250,SC-000250,spares,493.64,157
IP00251,SUP0001,SC-000251,components,703.37,90
IP00252,SUP0002,SC-000252,packaging,762.40,186
IP00253,SUP0003,SC-000253,finished_goods,479.32,289
IP00254,SUP0004,SC-000254,consumables,222.06,102
IP00255,SUP0005,SC-000255,spares,168.88,203
IP00256,SUP0006,SC-000256,components,744.26,205
IP00257,SUP0007,SC-000257,packaging,441.02,244
IP00258,SUP0008,SC-000258,finished_goods,684.12,321
IP00259,SUP0009,SC-000259,consumables,405.90,329
IP00260,SUP0010,SC-000260,spares,346.96,361
IP00261,SUP0011,SC-000261,components,729.04,134
IP00262,SUP0012,SC-000262,packaging,824.49,181
IP00263,SUP0013,SC-000263,finished_goods,138.97,474
IP00264,SUP0014,SC-000264,consumables,284.30,484
IP00265,SUP0015,SC-000265,spares,607.63,41
IP00266,SUP0016,SC-000266,components,203.37,379
IP00267,SUP0017,SC-000267,packaging,472.81,327
IP00268,SUP0018,SC-000268,finished_goods,285.42,356
IP00269,SUP0019,SC-000269,consumables,200.18,227
IP00270,SUP0020,SC-000270,spares,233.89,290
IP00271,SUP0021,SC-000271,components,73.49,43
IP00272,SUP0022,SC-000272,packaging,401.58,429
IP00273,SUP0023,SC-000273,finished_goods,182.26,460
IP00274,SUP0024,SC-000274,consumables,822.63,111
IP00275,SUP0025,SC-000275,spares,618.37,158
IP00276,SUP0026,SC-000276,components,525.21,55
IP00277,SUP0027,SC-000277,packaging,759.00,41
IP00278,SUP0028,SC-000278,finished_goods,3.92,83
IP00279,SUP0029,SC-000279,consumables,705.33,164
IP00280,SUP0030,SC-000280,spares,559.36,67
IP00281,SUP0031,SC-000281,components,712.39,339
IP00282,SUP0032,SC-000282,packaging,621.03,433
IP00283,SUP0033,SC-000283,finished_goods,53.58,83
IP00284,SUP0034,SC-000284,consumables,848.42,403
IP00285,SUP0035,SC-000285,spares,578.43,280
IP00286,SUP0036,SC-000286,components,361.79,57
IP00287,SUP0037,SC-000287,packaging,803.12,356
IP00288,SUP0038,SC-000288,finished_goods,780.57,302
IP00289,SUP0039,SC-000289,consumables,454.23,409
IP00290,SUP0040,SC-000290,spares,259.00,348
IP00291,SUP0041,SC-000291,components,46.36,375
IP00292,SUP0042,SC-000292,packaging,351.05,303
IP00293,SUP0043,SC-000293,finished_goods,826.70,170
IP00294,SUP0044,SC-000294,consumables,116.10,395
IP00295,SUP0045,SC-000295,spares,518.28,351
IP00296,SUP0046,SC-000296,components,232.39,186
IP00297,SUP0047,SC-000297,packaging,93.00,397
IP00298,SUP0048,SC-000298,finished_goods,633.30,318
IP00299,SUP0049,SC-000299,consumables,231.99,241
IP00300,SUP0050,SC-000300,spares,399.79,136
IP00301,SUP0051,SC-000301,components,79.07,120
IP00302,SUP0052,SC-000302,packaging,18.16,46
IP00303,SUP0053,SC-000303,finished_goods,186.54,379
IP00304,SUP0054,SC-000304,consumables,638.61,363
IP00305,SUP0055,SC-000305,spares,685.27,339
IP00306,SUP0056,SC-000306,components,413.35,355
IP00307,SUP0057,SC-000307,packaging,642.08,55
IP00308,SUP0058,SC-000308,finished_goods,131.77,332
IP00309,SUP0059,SC-000309,consumables,582.75,246
IP00310,SUP0060,SC-000310,spares,595.73,158
IP00311,SUP0061,SC-000311,components,753.22,381
IP00312,SUP0062,SC-000312,packaging,324.48,154
IP00313,SUP0063,SC-000313,finished_goods,505.22,352
IP00314,SUP0064,SC-000314,consumables,380.08,374
IP00315,SUP0065,SC-000315,spares,658.94,70
IP00316,SUP0066,SC-000316,components,180.25,243
IP00317,SUP0067,SC-000317,packaging,530.11,238
IP00318,SUP0068,SC-000318,finished_goods,836.28,131
IP00319,SUP0069,SC-000319,consumables,566.61,377
IP00320,SUP0070,SC-000320,spares,421.76,450
IP00321,SUP0071,SC-000321,components,635.06,372
IP00322,SUP0072,SC-000322,packaging,212.96,239
IP00323,SUP0073,SC-000323,finished_goods,732.12,411
IP00324,SUP0074,SC-000324,consumables,230.32,197
IP00325,SUP0075,SC-000325,spares,234.54,213
IP00326,SUP0076,SC-000326,components,343.14,378
IP00327,SUP0077,SC-000327,packaging,618.16,344
IP00328,SUP0078,SC-000328,finished_goods,447.44,373
IP00329,SUP0079,SC-000329,consumables,224.94,343
IP00330,SUP0080,SC-000330,spares,625.25,288
IP00331,SUP0081,SC-000331,components,761.28,369
IP00332,SUP0082,SC-000332,packaging,472.05,497
IP00333,SUP0083,SC-000333,finished_goods,795.46,403
IP00334,SUP0084,SC-000334,consumables,167.80,206
IP00335,SUP0085,SC-000335,spares,114.34,459
IP00336,SUP0086,SC-000336,components,193.01,234
IP00337,SUP0087,SC-000337,packaging,151.52,79
IP00338,SUP0088,SC-000338,finished_goods,197.54,401
IP00339,SUP0089,SC-000339,consumables,211.76,329
IP00340,SUP0090,SC-000340,spares,79.23,475
IP00341,SUP0091,SC-000341,components,19.90,458
IP00342,SUP0092,SC-000342,packaging,782.94,305
IP00343,SUP0093,SC-000343,finished_goods,790.08,408
IP00344,SUP0094,SC-000344,consumables,694.90,45
IP00345,SUP0095,SC-000345,spares,73.98,326
IP00346,SUP0096,SC-000346,components,788.07,364
IP00347,SUP0097,SC-000347,packaging,622.02,383
IP00348,SUP0098,SC-000348,finished_goods,382.90,86
IP00349,SUP0099,SC-000349,consumables,449.35,345
IP00350,SUP0100,SC-000350,spares,655.32,404
IP00351,SUP0101,SC-000351,components,657.58,242
IP00352,SUP0102,SC-000352,packaging,594.65,367
IP00353,SUP0103,SC-000353,finished_goods,214.32,255
IP00354,SUP0104,SC-000354,consumables,774.49,237
IP00355,SUP0105,SC-000355,spares,501.29,360
IP00356,SUP0106,SC-000356,components,738.10,38
IP00357,SUP0107,SC-000357,packaging,53.55,355
IP00358,SUP0108,SC-000358,finished_goods,698.89,233
IP00359,SUP0109,SC-000359,consumables,641.98,234
IP00360,SUP0110,SC-000360,spares,665.49,207
IP00361,SUP0111,SC-000361,components,744.27,352
IP00362,SUP0112,SC-000362,packaging,770.30,194
IP00363,SUP0113,SC-000363,finished_goods,126.01,144
IP00364,SUP0114,SC-000364,consumables,760.72,284
IP00365,SUP0115,SC-000365,spares,564.06,225
IP00366,SUP0116,SC-000366,components,105.21,470
IP00367,SUP0117,SC-000367,packaging,528.98,439
IP00368,SUP0118,SC-000368,finished_goods,575.54,144
IP00369,SUP0119,SC-000369,consumables,685.79,33
IP00370,SUP0120,SC-000370,spares,64.56,131
IP00371,SUP0121,SC-000371,components,666.36,388
IP00372,SUP0122,SC-000372,packaging,510.22,262
IP00373,SUP0123,SC-000373,finished_goods,143.16,196
IP00374,SUP0124,SC-000374,consumables,525.45,54
IP00375,SUP0125,SC-000375,spares,272.83,137
IP00376,SUP0126,SC-000376,components,236.02,71
IP00377,SUP0127,SC-000377,packaging,221.72,146
IP00378,SUP0128,SC-000378,finished_goods,570.55,225
IP00379,SUP0129,SC-000379,consumables,214.55,141
IP00380,SUP0130,SC-000380,spares,773.60,225
IP00381,SUP0131,SC-000381,components,632.52,362
IP00382,SUP0132,SC-000382,packaging,657.86,240
IP00383,SUP0133,SC-000383,finished_goods,649.04,133
IP00384,SUP0134,SC-000384,consumables,559.65,160
IP00385,SUP0135,SC-000385,spares,630.31,383
IP00386,SUP0136,SC-000386,components,226.65,170
IP00387,SUP0137,SC-000387,packaging,48.95,313
IP00388,SUP0138,SC-000388,finished_goods,455.57,334
IP00389,SUP0139,SC-000389,consumables,452.97,261
IP00390,SUP0140,SC-000390,spares,513.86,407
IP00391,SUP0141,SC-000391,components,679.90,327
IP00392,SUP0142,SC-000392,packaging,687.36,373
IP00393,SUP0143,SC-000393,finished_goods,5.55,191
IP00394,SUP0144,SC-000394,consumables,149.96,208
IP00395,SUP0145,SC-000395,spares,596.87,190
IP00396,SUP0146,SC-000396,components,437.05,209
IP00397,SUP0147,SC-000397,packaging,811.90,208
IP00398,SUP0148,SC-000398,finished_goods,354.83,423
IP00399,SUP0149,SC-000399,consumables,766.60,394
IP00400,SUP0150,SC-000400,spares,369.20,433
IP00401,SUP0151,SC-000401,components,611.87,371
IP00402,SUP0152,SC-000402,packaging,430.16,368
IP00403,SUP0153,SC-000403,finished_goods,602.24,195
IP00404,SUP0154,SC-000404,consumables,394.74,410
IP00405,SUP0155,SC-000405,spares,700.08,295
IP00406,SUP0156,SC-000406,components,69.04,274
IP00407,SUP0157,SC-000407,packaging,732.81,476
IP00408,SUP0158,SC-000408,finished_goods,235.58,115
IP00409,SUP0159,SC-000409,consumables,576.13,90
IP00410,SUP0160,SC-000410,spares,826.38,495
IP00411,SUP0161,SC-000411,components,385.34,199
IP00412,SUP0162,SC-000412,packaging,222.12,167
IP00413,SUP0163,SC-000413,finished_goods,321.42,499
IP00414,SUP0164,SC-000414,consumables,633.08,188
IP00415,SUP0165,SC-000415,spares,183.90,384
IP00416,SUP0166,SC-000416,components,429.43,256
IP00417,SUP0167,SC-000417,packaging,601.93,270
IP00418,SUP0168,SC-000418,finished_goods,380.07,315
IP00419,SUP0169,SC-000419,consumables,735.30,475
IP00420,SUP0170,SC-000420,spares,22.58,210
IP00421,SUP0171,SC-000421,components,273.32,65
IP00422,SUP0172,SC-000422,packaging,676.18,303
IP00423,SUP0173,SC-000423,finished_goods,733.75,383
IP00424,SUP0174,SC-000424,consumables,413.59,405
IP00425,SUP0175,SC-000425,spares,761.33,210
IP00426,SUP0176,SC-000426,components,543.17,208
IP00427,SUP0177,SC-000427,packaging,257.53,360
IP00428,SUP0178,SC-000428,finished_goods,599.09,159
IP00429,SUP0179,SC-000429,consumables,769.96,141
IP00430,SUP0180,SC-000430,spares,664.02,361
IP00431,SUP0181,SC-000431,components,692.16,133
IP00432,SUP0182,SC-000432,packaging,163.78,58
IP00433,SUP0183,SC-000433,finished_goods,59.67,471
IP00434,SUP0184,SC-000434,consumables,144.65,128
IP00435,SUP0185,SC-000435,spares,73.66,257
IP00436,SUP0186,SC-000436,components,463.55,363
IP00437,SUP0187,SC-000437,packaging,726.54,393
IP00438,SUP0188,SC-000438,finished_goods,679.45,58
IP00439,SUP0189,SC-000439,consumables,152.59,303
IP00440,SUP0190,SC-000440,spares,265.93,459
IP00441,SUP0191,SC-000441,components,696.28,228
IP00442,SUP0192,SC-000442,packaging,838.44,276
IP00443,SUP0193,SC-000443,finished_goods,585.97,192
IP00444,SUP0194,SC-000444,consumables,505.38,457
IP00445,SUP0195,SC-000445,spares,110.31,446
IP00446,SUP0196,SC-000446,components,307.79,217
IP00447,SUP0197,SC-000447,packaging,165.70,266
IP00448,SUP0198,SC-000448,finished_goods,647.84,479
IP00449,SUP0199,SC-000449,consumables,797.00,286
IP00450,SUP0200,SC-000450,spares,228.03,315
IP00451,SUP0201,SC-000451,components,458.12,381
IP00452,SUP0202,SC-000452,packaging,809.30,319
IP00453,SUP0203,SC-000453,finished_goods,85.55,307
IP00454,SUP0204,SC-000454,consumables,235.64,102
IP00455,SUP0205,SC-000455,spares,134.10,445
IP00456,SUP0206,SC-000456,components,821.28,124
IP00457,SUP0207,SC-000457,packaging,522.44,66
IP00458,SUP0208,SC-000458,finished_goods,785.05,359
IP00459,SUP0209,SC-000459,consumables,676.47,120
IP00460,SUP0210,SC-000460,spares,170.71,57
IP00461,SUP0211,SC-000461,components,53.18,475
IP00462,SUP0212,SC-000462,packaging,664.75,380
IP00463,SUP0213,SC-000463,finished_goods,122.35,314
IP00464,SUP0214,SC-000464,consumables,239.55,245
IP00465,SUP0215,SC-000465,spares,400.26,219
IP00466,SUP0216,SC-000466,components,526.69,111
IP00467,SUP0217,SC-000467,packaging,124.40,144
IP00468,SUP0218,SC-000468,finished_goods,578.53,494
IP00469,SUP0219,SC-000469,consumables,36.39,52
IP00470,SUP0220,SC-000470,spares,504.44,311
IP00471,SUP0221,SC-000471,components,27.17,423
IP00472,SUP0222,SC-000472,packaging,562.95,425
IP00473,SUP0223,SC-000473,finished_goods,334.42,498
IP00474,SUP0224,SC-000474,consumables,488.08,104
IP00475,SUP0225,SC-000475,spares,98.75,198
IP00476,SUP0226,SC-000476,components,70.47,254
IP00477,SUP0227,SC-000477,packaging,177.64,225
IP00478,SUP0228,SC-000478,finished_goods,250.80,295
IP00479,SUP0229,SC-000479,consumables,40.78,451
IP00480,SUP0230,SC-000480,spares,205.32,495
IP00481,SUP0231,SC-000481,components,52.17,280
IP00482,SUP0232,SC-000482,packaging,282.58,164
IP00483,SUP0233,SC-000483,finished_goods,588.41,107
IP00484,SUP0234,SC-000484,consumables,719.66,282
IP00485,SUP0235,SC-000485,spares,108.47,153
IP00486,SUP0236,SC-000486,components,780.91,281
IP00487,SUP0237,SC-000487,packaging,24.84,77
IP00488,SUP0238,SC-000488,finished_goods,823.44,212
IP00489,SUP0239,SC-000489,consumables,274.80,141
IP00490,SUP0240,SC-000490,spares,491.27,183
IP00491,SUP0241,SC-000491,components,108.90,286
IP00492,SUP0242,SC-000492,packaging,344.54,200
IP00493,SUP0243,SC-000493,finished_goods,382.04,260
IP00494,SUP0244,SC-000494,consumables,489.16,60
IP00495,SUP0245,SC-000495,spares,761.72,196
IP00496,SUP0246,SC-000496,components,154.21,332
IP00497,SUP0247,SC-000497,packaging,356.81,256
IP00498,SUP0248,SC-000498,finished_goods,400.65,461
IP00499,SUP0249,SC-000499,consumables,586.93,403
IP00500,SUP0250,SC-000500,spares,121.64,377
IP00501,SUP0001,SC-000501,components,33.15,219
IP00502,SUP0002,SC-000502,packaging,699.27,443
IP00503,SUP0003,SC-000503,finished_goods,793.48,142
IP00504,SUP0004,SC-000504,consumables,373.82,289
IP00505,SUP0005,SC-000505,spares,797.05,74
IP00506,SUP0006,SC-000506,components,599.56,409
IP00507,SUP0007,SC-000507,packaging,125.66,182
IP00508,SUP0008,SC-000508,finished_goods,433.19,407
IP00509,SUP0009,SC-000509,consumables,677.01,353
IP00510,SUP0010,SC-000510,spares,411.93,42
IP00511,SUP0011,SC-000511,components,532.72,467
IP00512,SUP0012,SC-000512,packaging,446.00,454
IP00513,SUP0013,SC-000513,finished_goods,285.34,338
IP00514,SUP0014,SC-000514,consumables,19.15,137
IP00515,SUP0015,SC-000515,spares,493.61,425
IP00516,SUP0016,SC-000516,components,1.79,275
IP00517,SUP0017,SC-000517,packaging,240.14,433
IP00518,SUP0018,SC-000518,finished_goods,438.55,32
IP00519,SUP0019,SC-000519,consumables,759.23,336
IP00520,SUP0020,SC-000520,spares,17.90,42
IP00521,SUP0021,SC-000521,components,815.85,296
IP00522,SUP0022,SC-000522,packaging,526.57,453
IP00523,SUP0023,SC-000523,finished_goods,420.37,299
IP00524,SUP0024,SC-000524,consumables,609.59,208
IP00525,SUP0025,SC-000525,spares,127.69,370
IP00526,SUP0026,SC-000526,components,359.26,201
IP00527,SUP0027,SC-000527,packaging,228.09,420
IP00528,SUP0028,SC-000528,finished_goods,578.24,296
IP00529,SUP0029,SC-000529,consumables,594.50,384
IP00530,SUP0030,SC-000530,spares,53.64,494
IP00531,SUP0031,SC-000531,components,261.96,381
IP00532,SUP0032,SC-000532,packaging,137.40,406
IP00533,SUP0033,SC-000533,finished_goods,422.32,261
IP00534,SUP0034,SC-000534,consumables,8.60,333
IP00535,SUP0035,SC-000535,spares,570.99,445
IP00536,SUP0036,SC-000536,components,209.24,363
IP00537,SUP0037,SC-000537,packaging,365.93,216
IP00538,SUP0038,SC-000538,finished_goods,526.73,461
IP00539,SUP0039,SC-000539,consumables,192.68,82
IP00540,SUP0040,SC-000540,spares,739.02,113
IP00541,SUP0041,SC-000541,components,26.02,269
IP00542,SUP0042,SC-000542,packaging,98.59,63
IP00543,SUP0043,SC-000543,finished_goods,673.54,491
IP00544,SUP0044,SC-000544,consumables,232.71,418
IP00545,SUP0045,SC-000545,spares,385.18,80
IP00546,SUP0046,SC-000546,components,742.21,151
IP00547,SUP0047,SC-000547,packaging,455.04,247
IP00548,SUP0048,SC-000548,finished_goods,826.42,210
IP00549,SUP0049,SC-000549,consumables,619.88,228
IP00550,SUP0050,SC-000550,spares,793.52,473
IP00551,SUP0051,SC-000551,components,274.83,107
IP00552,SUP0052,SC-000552,packaging,494.75,198
IP00553,SUP0053,SC-000553,finished_goods,401.45,363
IP00554,SUP0054,SC-000554,consumables,106.13,327
IP00555,SUP0055,SC-000555,spares,474.80,169
IP00556,SUP0056,SC-000556,components,717.81,336
IP00557,SUP0057,SC-000557,packaging,75.22,475
IP00558,SUP0058,SC-000558,finished_goods,619.32,425
IP00559,SUP0059,SC-000559,consumables,3.43,451
IP00560,SUP0060,SC-000560,spares,192.32,461
IP00561,SUP0061,SC-000561,components,157.42,396
IP00562,SUP0062,SC-000562,packaging,609.06,171
IP00563,SUP0063,SC-000563,finished_goods,543.30,403
IP00564,SUP0064,SC-000564,consumables,271.81,227
IP00565,SUP0065,SC-000565,spares,164.02,198
IP00566,SUP0066,SC-000566,components,378.85,472
IP00567,SUP0067,SC-000567,packaging,322.98,61
IP00568,SUP0068,SC-000568,finished_goods,303.85,370
IP00569,SUP0069,SC-000569,consumables,98.28,237
IP00570,SUP0070,SC-000570,spares,39.93,68
IP00571,SUP0071,SC-000571,components,629.58,284
IP00572,SUP0072,SC-000572,packaging,789.39,365
IP00573,SUP0073,SC-000573,finished_goods,430.64,415
IP00574,SUP0074,SC-000574,consumables,499.06,135
IP00575,SUP0075,SC-000575,spares,505.85,56
IP00576,SUP0076,SC-000576,components,36.48,116
IP00577,SUP0077,SC-000577,packaging,69.57,173
IP00578,SUP0078,SC-000578,finished_goods,656.69,196
IP00579,SUP0079,SC-000579,consumables,73.73,142
IP00580,SUP0080,SC-000580,spares,573.28,481
IP00581,SUP0081,SC-000581,components,656.71,446
IP00582,SUP0082,SC-000582,packaging,267.02,229
IP00583,SUP0083,SC-000583,finished_goods,516.16,230
IP00584,SUP0084,SC-000584,consumables,172.19,374
IP00585,SUP0085,SC-000585,spares,492.44,394
IP00586,SUP0086,SC-000586,components,11.32,80
IP00587,SUP0087,SC-000587,packaging,418.22,260
IP00588,SUP0088,SC-000588,finished_goods,142.73,332
IP00589,SUP0089,SC-000589,consumables,107.24,143
IP00590,SUP0090,SC-000590,spares,14.71,234
IP00591,SUP0091,SC-000591,components,708.47,119
IP00592,SUP0092,SC-000592,packaging,521.90,426
IP00593,SUP0093,SC-000593,finished_goods,557.70,147
IP00594,SUP0094,SC-000594,consumables,103.11,116
IP00595,SUP0095,SC-000595,spares,396.00,39
IP00596,SUP0096,SC-000596,components,660.81,132
IP00597,SUP0097,SC-000597,packaging,206.87,335
IP00598,SUP0098,SC-000598,finished_goods,116.65,260
IP00599,SUP0099,SC-000599,consumables,555.49,226
IP00600,SUP0100,SC-000600,spares,297.25,416
IP00601,SUP0101,SC-000601,components,815.16,113
IP00602,SUP0102,SC-000602,packaging,410.41,298
IP00603,SUP0103,SC-000603,finished_goods,168.79,288
IP00604,SUP0104,SC-000604,consumables,508.47,295
IP00605,SUP0105,SC-000605,spares,746.21,349
IP00606,SUP0106,SC-000606,components,780.01,91
IP00607,SUP0107,SC-000607,packaging,783.88,164
IP00608,SUP0108,SC-000608,finished_goods,4.44,71
IP00609,SUP0109,SC-000609,consumables,785.79,464
IP00610,SUP0110,SC-000610,spares,263.73,487
IP00611,SUP0111,SC-000611,components,524.55,299
IP00612,SUP0112,SC-000612,packaging,659.43,416
IP00613,SUP0113,SC-000613,finished_goods,33.23,58
IP00614,SUP0114,SC-000614,consumables,10.43,263
IP00615,SUP0115,SC-000615,spares,330.64,459
IP00616,SUP0116,SC-000616,components,533.85,421
IP00617,SUP0117,SC-000617,packaging,112.98,390
IP00618,SUP0118,SC-000618,finished_goods,230.63,226
IP00619,SUP0119,SC-000619,consumables,359.62,150
IP00620,SUP0120,SC-000620,spares,776.11,102
IP00621,SUP0121,SC-000621,components,448.78,137
IP00622,SUP0122,SC-000622,packaging,98.26,96
IP00623,SUP0123,SC-000623,finished_goods,391.02,45
IP00624,SUP0124,SC-000624,consumables,483.04,127
IP00625,SUP0125,SC-000625,spares,29.04,385
IP00626,SUP0126,SC-000626,components,575.95,150
IP00627,SUP0127,SC-000627,packaging,709.39,178
IP00628,SUP0128,SC-000628,finished_goods,651.30,495
IP00629,SUP0129,SC-000629,consumables,506.93,315
IP00630,SUP0130,SC-000630,spares,686.00,26
IP00631,SUP0131,SC-000631,components,37.83,396
IP00632,SUP0132,SC-000632,packaging,550.64,163
IP00633,SUP0133,SC-000633,finished_goods,701.15,57
IP00634,SUP0134,SC-000634,consumables,437.32,208
IP00635,SUP0135,SC-000635,spares,13.32,297
IP00636,SUP0136,SC-000636,components,580.06,265
IP00637,SUP0137,SC-000637,packaging,562.19,84
IP00638,SUP0138,SC-000638,finished_goods,301.72,474
IP00639,SUP0139,SC-000639,consumables,99.70,319
IP00640,SUP0140,SC-000640,spares,728.39,384
IP00641,SUP0141,SC-000641,components,126.12,203
IP00642,SUP0142,SC-000642,packaging,583.71,182
IP00643,SUP0143,SC-000643,finished_goods,206.07,125
IP00644,SUP0144,SC-000644,consumables,44.95,346
IP00645,SUP0145,SC-000645,spares,582.43,364
IP00646,SUP0146,SC-000646,components,601.00,259
IP00647,SUP0147,SC-000647,packaging,448.92,106
IP00648,SUP0148,SC-000648,finished_goods,96.65,259
IP00649,SUP0149,SC-000649,consumables,330.52,426
IP00650,SUP0150,SC-000650,spares,164.04,408
IP00651,SUP0151,SC-000651,components,780.80,27
IP00652,SUP0152,SC-000652,packaging,739.85,63
IP00653,SUP0153,SC-000653,finished_goods,647.23,220
IP00654,SUP0154,SC-000654,consumables,37.03,376
IP00655,SUP0155,SC-000655,spares,814.65,203
IP00656,SUP0156,SC-000656,components,123.68,354
IP00657,SUP0157,SC-000657,packaging,390.83,339
IP00658,SUP0158,SC-000658,finished_goods,300.81,62
IP00659,SUP0159,SC-000659,consumables,70.99,389
IP00660,SUP0160,SC-000660,spares,29.82,409
IP00661,SUP0161,SC-000661,components,444.73,301
IP00662,SUP0162,SC-000662,packaging,415.03,349
IP00663,SUP0163,SC-000663,finished_goods,283.79,255
IP00664,SUP0164,SC-000664,consumables,125.02,35
IP00665,SUP0165,SC-000665,spares,764.56,30
IP00666,SUP0166,SC-000666,components,323.93,310
IP00667,SUP0167,SC-000667,packaging,403.95,376
IP00668,SUP0168,SC-000668,finished_goods,609.76,394
IP00669,SUP0169,SC-000669,consumables,537.76,323
IP00670,SUP0170,SC-000670,spares,34.29,341
IP00671,SUP0171,SC-000671,components,479.68,116
IP00672,SUP0172,SC-000672,packaging,265.97,220
IP00673,SUP0173,SC-000673,finished_goods,747.92,203
IP00674,SUP0174,SC-000674,consumables,207.29,212
IP00675,SUP0175,SC-000675,spares,403.16,32
IP00676,SUP0176,SC-000676,components,70.39,160
IP00677,SUP0177,SC-000677,packaging,181.98,449
IP00678,SUP0178,SC-000678,finished_goods,180.18,169
IP00679,SUP0179,SC-000679,consumables,612.04,462
IP00680,SUP0180,SC-000680,spares,652.92,250
IP00681,SUP0181,SC-000681,components,647.28,35
IP00682,SUP0182,SC-000682,packaging,748.53,86
IP00683,SUP0183,SC-000683,finished_goods,400.63,164
IP00684,SUP0184,SC-000684,consumables,231.00,428
IP00685,SUP0185,SC-000685,spares,596.05,412
IP00686,SUP0186,SC-000686,components,455.57,218
IP00687,SUP0187,SC-000687,packaging,468.32,68
IP00688,SUP0188,SC-000688,finished_goods,553.62,357
IP00689,SUP0189,SC-000689,consumables,672.54,27
IP00690,SUP0190,SC-000690,spares,654.60,159
IP00691,SUP0191,SC-000691,components,10.54,237
IP00692,SUP0192,SC-000692,packaging,846.23,440
IP00693,SUP0193,SC-000693,finished_goods,85.13,251
IP00694,SUP0194,SC-000694,consumables,105.64,302
IP00695,SUP0195,SC-000695,spares,570.50,174
IP00696,SUP0196,SC-000696,components,273.81,499
IP00697,SUP0197,SC-000697,packaging,184.39,485
IP00698,SUP0198,SC-000698,finished_goods,392.13,179
IP00699,SUP0199,SC-000699,consumables,411.03,307
IP00700,SUP0200,SC-000700,spares,666.86,342
IP00701,SUP0201,SC-000701,components,434.75,197
IP00702,SUP0202,SC-000702,packaging,784.82,77
IP00703,SUP0203,SC-000703,finished_goods,755.70,86
IP00704,SUP0204,SC-000704,consumables,720.98,344
IP00705,SUP0205,SC-000705,spares,259.40,305
IP00706,SUP0206,SC-000706,components,753.05,71
IP00707,SUP0207,SC-000707,packaging,393.51,42
IP00708,SUP0208,SC-000708,finished_goods,563.42,198
IP00709,SUP0209,SC-000709,consumables,347.59,199
IP00710,SUP0210,SC-000710,spares,159.39,316
IP00711,SUP0211,SC-000711,components,398.03,179
IP00712,SUP0212,SC-000712,packaging,563.06,439
IP00713,SUP0213,SC-000713,finished_goods,714.56,411
IP00714,SUP0214,SC-000714,consumables,622.05,395
IP00715,SUP0215,SC-000715,spares,340.00,483
IP00716,SUP0216,SC-000716,components,177.68,374
IP00717,SUP0217,SC-000717,packaging,386.94,83
IP00718,SUP0218,SC-000718,finished_goods,31.67,484
IP00719,SUP0219,SC-000719,consumables,399.92,48
IP00720,SUP0220,SC-000720,spares,369.30,26
IP00721,SUP0221,SC-000721,components,775.43,289
IP00722,SUP0222,SC-000722,packaging,390.25,126
IP00723,SUP0223,SC-000723,finished_goods,519.43,350
IP00724,SUP0224,SC-000724,consumables,332.55,111
IP00725,SUP0225,SC-000725,spares,649.04,274
IP00726,SUP0226,SC-000726,components,32.40,35
IP00727,SUP0227,SC-000727,packaging,331.13,46
IP00728,SUP0228,SC-000728,finished_goods,546.27,219
IP00729,SUP0229,SC-000729,consumables,132.51,133
IP00730,SUP0230,SC-000730,spares,823.64,282
IP00731,SUP0231,SC-000731,components,480.69,141
IP00732,SUP0232,SC-000732,packaging,484.87,438
IP00733,SUP0233,SC-000733,finished_goods,468.79,342
IP00734,SUP0234,SC-000734,consumables,796.08,328
IP00735,SUP0235,SC-000735,spares,501.59,281
IP00736,SUP0236,SC-000736,components,750.00,260
IP00737,SUP0237,SC-000737,packaging,176.15,239
IP00738,SUP0238,SC-000738,finished_goods,27.57,141
IP00739,SUP0239,SC-000739,consumables,41.28,489
IP00740,SUP0240,SC-000740,spares,89.42,461
IP00741,SUP0241,SC-000741,components,9.20,120
IP00742,SUP0242,SC-000742,packaging,845.69,138
IP00743,SUP0243,SC-000743,finished_goods,678.23,228
IP00744,SUP0244,SC-000744,consumables,305.96,379
IP00745,SUP0245,SC-000745,spares,606.08,383
IP00746,SUP0246,SC-000746,components,121.80,144
IP00747,SUP0247,SC-000747,packaging,711.78,210
IP00748,SUP0248,SC-000748,finished_goods,232.48,252
IP00749,SUP0249,SC-000749,consumables,733.45,129
IP00750,SUP0250,SC-000750,spares,788.43,277
IP00751,SUP0001,SC-000751,components,233.93,387
IP00752,SUP0002,SC-000752,packaging,400.43,484
IP00753,SUP0003,SC-000753,finished_goods,563.69,329
IP00754,SUP0004,SC-000754,consumables,784.06,456
IP00755,SUP0005,SC-000755,spares,283.70,298
IP00756,SUP0006,SC-000756,components,138.29,193
IP00757,SUP0007,SC-000757,packaging,232.94,402
IP00758,SUP0008,SC-000758,finished_goods,43.06,208
IP00759,SUP0009,SC-000759,consumables,656.03,66
IP00760,SUP0010,SC-000760,spares,763.75,315
IP00761,SUP0011,SC-000761,components,750.39,371
IP00762,SUP0012,SC-000762,packaging,679.18,196
IP00763,SUP0013,SC-000763,finished_goods,812.93,459
IP00764,SUP0014,SC-000764,consumables,94.87,477
IP00765,SUP0015,SC-000765,spares,507.36,39
IP00766,SUP0016,SC-000766,components,153.87,25
IP00767,SUP0017,SC-000767,packaging,783.10,396
IP00768,SUP0018,SC-000768,finished_goods,806.03,133
IP00769,SUP0019,SC-000769,consumables,718.02,51
IP00770,SUP0020,SC-000770,spares,669.41,475
IP00771,SUP0021,SC-000771,components,481.37,476
IP00772,SUP0022,SC-000772,packaging,581.83,55
IP00773,SUP0023,SC-000773,finished_goods,702.46,111
IP00774,SUP0024,SC-000774,consumables,211.58,364
IP00775,SUP0025,SC-000775,spares,706.60,154
IP00776,SUP0026,SC-000776,components,384.64,364
IP00777,SUP0027,SC-000777,packaging,157.65,101
IP00778,SUP0028,SC-000778,finished_goods,374.22,422
IP00779,SUP0029,SC-000779,consumables,461.68,250
IP00780,SUP0030,SC-000780,spares,218.60,97
IP00781,SUP0031,SC-000781,components,257.97,124
IP00782,SUP0032,SC-000782,packaging,244.30,462
IP00783,SUP0033,SC-000783,finished_goods,671.45,187
IP00784,SUP0034,SC-000784,consumables,72.44,318
IP00785,SUP0035,SC-000785,spares,197.29,119
IP00786,SUP0036,SC-000786,components,647.65,274
IP00787,SUP0037,SC-000787,packaging,123.91,42
IP00788,SUP0038,SC-000788,finished_goods,427.42,296
IP00789,SUP0039,SC-000789,consumables,554.60,122
IP00790,SUP0040,SC-000790,spares,49.74,218
IP00791,SUP0041,SC-000791,components,334.56,176
IP00792,SUP0042,SC-000792,packaging,204.75,43
IP00793,SUP0043,SC-000793,finished_goods,394.88,275
IP00794,SUP0044,SC-000794,consumables,422.76,332
IP00795,SUP0045,SC-000795,spares,355.78,363
IP00796,SUP0046,SC-000796,components,313.44,333
IP00797,SUP0047,SC-000797,packaging,412.70,61
IP00798,SUP0048,SC-000798,finished_goods,635.73,398
IP00799,SUP0049,SC-000799,consumables,370.69,448
IP00800,SUP0050,SC-000800,spares,721.92,482
IP00801,SUP0051,SC-000801,components,216.98,292
IP00802,SUP0052,SC-000802,packaging,459.43,147
IP00803,SUP0053,SC-000803,finished_goods,460.84,28
IP00804,SUP0054,SC-000804,consumables,125.29,423
IP00805,SUP0055,SC-000805,spares,111.75,488
IP00806,SUP0056,SC-000806,components,678.28,300
IP00807,SUP0057,SC-000807,packaging,109.43,162
IP00808,SUP0058,SC-000808,finished_goods,699.68,51
IP00809,SUP0059,SC-000809,consumables,25.77,163
IP00810,SUP0060,SC-000810,spares,42.12,126
IP00811,SUP0061,SC-000811,components,669.56,276
IP00812,SUP0062,SC-000812,packaging,460.85,32
IP00813,SUP0063,SC-000813,finished_goods,364.58,25
IP00814,SUP0064,SC-000814,consumables,760.91,47
IP00815,SUP0065,SC-000815,spares,735.66,467
IP00816,SUP0066,SC-000816,components,834.57,265
IP00817,SUP0067,SC-000817,packaging,145.22,46
IP00818,SUP0068,SC-000818,finished_goods,28.51,382
IP00819,SUP0069,SC-000819,consumables,826.13,147
IP00820,SUP0070,SC-000820,spares,270.33,380
IP00821,SUP0071,SC-000821,components,658.27,56
IP00822,SUP0072,SC-000822,packaging,486.93,225
IP00823,SUP0073,SC-000823,finished_goods,199.50,72
IP00824,SUP0074,SC-000824,consumables,617.96,438
IP00825,SUP0075,SC-000825,spares,495.75,436
IP00826,SUP0076,SC-000826,components,731.04,278
IP00827,SUP0077,SC-000827,packaging,523.41,178
IP00828,SUP0078,SC-000828,finished_goods,692.79,451
IP00829,SUP0079,SC-000829,consumables,587.36,77
IP00830,SUP0080,SC-000830,spares,440.38,155
IP00831,SUP0081,SC-000831,components,76.35,174
IP00832,SUP0082,SC-000832,packaging,78.74,300
IP00833,SUP0083,SC-000833,finished_goods,189.79,184
IP00834,SUP0084,SC-000834,consumables,659.64,313
IP00835,SUP0085,SC-000835,spares,111.08,467
IP00836,SUP0086,SC-000836,components,186.20,170
IP00837,SUP0087,SC-000837,packaging,651.23,121
IP00838,SUP0088,SC-000838,finished_goods,665.69,262
IP00839,SUP0089,SC-000839,consumables,390.20,88
IP00840,SUP0090,SC-000840,spares,498.14,418
IP00841,SUP0091,SC-000841,components,58.52,144
IP00842,SUP0092,SC-000842,packaging,603.49,84
IP00843,SUP0093,SC-000843,finished_goods,433.00,146
IP00844,SUP0094,SC-000844,consumables,176.21,281
IP00845,SUP0095,SC-000845,spares,389.00,422
IP00846,SUP0096,SC-000846,components,741.35,163
IP00847,SUP0097,SC-000847,packaging,13.80,376
IP00848,SUP0098,SC-000848,finished_goods,101.73,223
IP00849,SUP0099,SC-000849,consumables,827.13,106
IP00850,SUP0100,SC-000850,spares,793.22,318
IP00851,SUP0101,SC-000851,components,781.77,266
IP00852,SUP0102,SC-000852,packaging,224.62,368
IP00853,SUP0103,SC-000853,finished_goods,567.70,330
IP00854,SUP0104,SC-000854,consumables,222.29,439
IP00855,SUP0105,SC-000855,spares,588.44,243
IP00856,SUP0106,SC-000856,components,312.19,305
IP00857,SUP0107,SC-000857,packaging,647.20,246
IP00858,SUP0108,SC-000858,finished_goods,578.09,267
IP00859,SUP0109,SC-000859,consumables,194.44,267
IP00860,SUP0110,SC-000860,spares,800.07,403
IP00861,SUP0111,SC-000861,components,775.83,93
IP00862,SUP0112,SC-000862,packaging,331.16,198
IP00863,SUP0113,SC-000863,finished_goods,838.84,154
IP00864,SUP0114,SC-000864,consumables,426.32,408
IP00865,SUP0115,SC-000865,spares,166.27,206
IP00866,SUP0116,SC-000866,components,359.12,79
IP00867,SUP0117,SC-000867,packaging,529.85,27
IP00868,SUP0118,SC-000868,finished_goods,461.08,133
IP00869,SUP0119,SC-000869,consumables,314.21,190
IP00870,SUP0120,SC-000870,spares,572.02,374
IP00871,SUP0121,SC-000871,components,402.12,255
IP00872,SUP0122,SC-000872,packaging,441.40,423
IP00873,SUP0123,SC-000873,finished_goods,293.03,171
IP00874,SUP0124,SC-000874,consumables,196.34,240
IP00875,SUP0125,SC-000875,spares,356.87,98
IP00876,SUP0126,SC-000876,components,520.89,315
IP00877,SUP0127,SC-000877,packaging,14.53,194
IP00878,SUP0128,SC-000878,finished_goods,260.20,37
IP00879,SUP0129,SC-000879,consumables,686.19,184
IP00880,SUP0130,SC-000880,spares,762.98,104
IP00881,SUP0131,SC-000881,components,135.00,267
IP00882,SUP0132,SC-000882,packaging,20.42,392
IP00883,SUP0133,SC-000883,finished_goods,131.23,96
IP00884,SUP0134,SC-000884,consumables,167.93,384
IP00885,SUP0135,SC-000885,spares,662.70,271
IP00886,SUP0136,SC-000886,components,34.42,195
IP00887,SUP0137,SC-000887,packaging,529.64,417
IP00888,SUP0138,SC-000888,finished_goods,330.32,443
IP00889,SUP0139,SC-000889,consumables,66.38,440
IP00890,SUP0140,SC-000890,spares,603.56,72
IP00891,SUP0141,SC-000891,components,827.86,248
IP00892,SUP0142,SC-000892,packaging,643.67,377
IP00893,SUP0143,SC-000893,finished_goods,145.29,63
IP00894,SUP0144,SC-000894,consumables,766.72,152
IP00895,SUP0145,SC-000895,spares,413.91,142
IP00896,SUP0146,SC-000896,components,304.17,105
IP00897,SUP0147,SC-000897,packaging,830.30,264
IP00898,SUP0148,SC-000898,finished_goods,530.17,437
IP00899,SUP0149,SC-000899,consumables,141.79,372
IP00900,SUP0150,SC-000900,spares,665.96,324
IP00901,SUP0151,SC-000901,components,805.07,458
IP00902,SUP0152,SC-000902,packaging,182.87,440
IP00903,SUP0153,SC-000903,finished_goods,41.40,305
IP00904,SUP0154,SC-000904,consumables,249.31,316
IP00905,SUP0155,SC-000905,spares,78.92,166
IP00906,SUP0156,SC-000906,components,841.76,135
IP00907,SUP0157,SC-000907,packaging,25.05,108
IP00908,SUP0158,SC-000908,finished_goods,478.24,175
IP00909,SUP0159,SC-000909,consumables,269.73,227
IP00910,SUP0160,SC-000910,spares,828.76,424
IP00911,SUP0161,SC-000911,components,155.87,197
IP00912,SUP0162,SC-000912,packaging,756.66,374
IP00913,SUP0163,SC-000913,finished_goods,297.37,356
IP00914,SUP0164,SC-000914,consumables,786.55,198
IP00915,SUP0165,SC-000915,spares,547.44,317
IP00916,SUP0166,SC-000916,components,788.87,254
IP00917,SUP0167,SC-000917,packaging,791.66,282
IP00918,SUP0168,SC-000918,finished_goods,785.37,414
IP00919,SUP0169,SC-000919,consumables,389.43,32
IP00920,SUP0170,SC-000920,spares,337.69,178
IP00921,SUP0171,SC-000921,components,240.13,417
IP00922,SUP0172,SC-000922,packaging,814.56,115
IP00923,SUP0173,SC-000923,finished_goods,537.54,452
IP00924,SUP0174,SC-000924,consumables,211.72,196
IP00925,SUP0175,SC-000925,spares,61.47,453
IP00926,SUP0176,SC-000926,components,110.05,156
IP00927,SUP0177,SC-000927,packaging,253.02,341
IP00928,SUP0178,SC-000928,finished_goods,87.12,232
IP00929,SUP0179,SC-000929,consumables,314.07,379
IP00930,SUP0180,SC-000930,spares,726.22,178
IP00931,SUP0181,SC-000931,components,413.07,294
IP00932,SUP0182,SC-000932,packaging,644.92,349
IP00933,SUP0183,SC-000933,finished_goods,35.58,421
IP00934,SUP0184,SC-000934,consumables,302.04,55
IP00935,SUP0185,SC-000935,spares,617.55,113
IP00936,SUP0186,SC-000936,components,507.36,96
IP00937,SUP0187,SC-000937,packaging,168.51,342
IP00938,SUP0188,SC-000938,finished_goods,443.74,45
IP00939,SUP0189,SC-000939,consumables,384.13,232
IP00940,SUP0190,SC-000940,spares,808.14,297
IP00941,SUP0191,SC-000941,components,829.00,394
IP00942,SUP0192,SC-000942,packaging,651.49,75
IP00943,SUP0193,SC-000943,finished_goods,760.39,352
IP00944,SUP0194,SC-000944,consumables,696.78,485
IP00945,SUP0195,SC-000945,spares,485.59,247
IP00946,SUP0196,SC-000946,components,114.67,429
IP00947,SUP0197,SC-000947,packaging,64.07,450
IP00948,SUP0198,SC-000948,finished_goods,136.74,199
IP00949,SUP0199,SC-000949,consumables,762.96,311
IP00950,SUP0200,SC-000950,spares,584.50,43
IP00951,SUP0201,SC-000951,components,542.08,471
IP00952,SUP0202,SC-000952,packaging,602.16,274
IP00953,SUP0203,SC-000953,finished_goods,342.19,211
IP00954,SUP0204,SC-000954,consumables,560.95,268
IP00955,SUP0205,SC-000955,spares,516.21,461
IP00956,SUP0206,SC-000956,components,226.47,169
IP00957,SUP0207,SC-000957,packaging,3.27,190
IP00958,SUP0208,SC-000958,finished_goods,27.82,126
IP00959,SUP0209,SC-000959,consumables,31.52,67
IP00960,SUP0210,SC-000960,spares,842.26,190
IP00961,SUP0211,SC-000961,components,324.14,397
IP00962,SUP0212,SC-000962,packaging,131.68,434
IP00963,SUP0213,SC-000963,finished_goods,188.95,272
IP00964,SUP0214,SC-000964,consumables,241.67,88
IP00965,SUP0215,SC-000965,spares,30.97,122
IP00966,SUP0216,SC-000966,components,327.19,233
IP00967,SUP0217,SC-000967,packaging,798.77,485
IP00968,SUP0218,SC-000968,finished_goods,312.77,480
IP00969,SUP0219,SC-000969,consumables,273.20,34
IP00970,SUP0220,SC-000970,spares,764.73,451
IP00971,SUP0221,SC-000971,components,260.68,216
IP00972,SUP0222,SC-000972,packaging,423.24,189
IP00973,SUP0223,SC-000973,finished_goods,41.22,305
IP00974,SUP0224,SC-000974,consumables,770.41,380
IP00975,SUP0225,SC-000975,spares,62.70,374
IP00976,SUP0226,SC-000976,components,387.08,361
IP00977,SUP0227,SC-000977,packaging,40.13,143
IP00978,SUP0228,SC-000978,finished_goods,763.13,449
IP00979,SUP0229,SC-000979,consumables,533.42,264
IP00980,SUP0230,SC-000980,spares,212.01,401
IP00981,SUP0231,SC-000981,components,399.97,223
IP00982,SUP0232,SC-000982,packaging,46.52,499
IP00983,SUP0233,SC-000983,finished_goods,154.89,296
IP00984,SUP0234,SC-000984,consumables,298.17,175
IP00985,SUP0235,SC-000985,spares,672.95,160
IP00986,SUP0236,SC-000986,components,133.66,202
IP00987,SUP0237,SC-000987,packaging,111.86,266
IP00988,SUP0238,SC-000988,finished_goods,611.68,350
IP00989,SUP0239,SC-000989,consumables,833.29,451
IP00990,SUP0240,SC-000990,spares,459.14,417
IP00991,SUP0241,SC-000991,components,795.85,378
IP00992,SUP0242,SC-000992,packaging,222.19,307
IP00993,SUP0243,SC-000993,finished_goods,220.64,352
IP00994,SUP0244,SC-000994,consumables,384.62,480
IP00995,SUP0245,SC-000995,spares,411.20,212
IP00996,SUP0246,SC-000996,components,761.64,460
IP00997,SUP0247,SC-000997,packaging,796.41,379
IP00998,SUP0248,SC-000998,finished_goods,704.05,369
IP00999,SUP0249,SC-000999,consumables,4.31,423
IP01000,SUP0250,SC-001000,spares,51.24,471
IP01001,SUP0001,SC-001001,components,709.90,139
IP01002,SUP0002,SC-001002,packaging,214.48,180
IP01003,SUP0003,SC-001003,finished_goods,58.34,367
IP01004,SUP0004,SC-001004,consumables,674.38,422
IP01005,SUP0005,SC-001005,spares,429.50,164
IP01006,SUP0006,SC-001006,components,420.61,424
IP01007,SUP0007,SC-001007,packaging,623.85,484
IP01008,SUP0008,SC-001008,finished_goods,846.47,272
IP01009,SUP0009,SC-001009,consumables,739.61,63
IP01010,SUP0010,SC-001010,spares,262.27,294
IP01011,SUP0011,SC-001011,components,89.92,344
IP01012,SUP0012,SC-001012,packaging,23.51,417
IP01013,SUP0013,SC-001013,finished_goods,77.25,215
IP01014,SUP0014,SC-001014,consumables,411.37,231
IP01015,SUP0015,SC-001015,spares,291.27,342
IP01016,SUP0016,SC-001016,components,245.65,214
IP01017,SUP0017,SC-001017,packaging,618.68,235
IP01018,SUP0018,SC-001018,finished_goods,232.86,225
IP01019,SUP0019,SC-001019,consumables,715.12,111
IP01020,SUP0020,SC-001020,spares,217.20,60
IP01021,SUP0021,SC-001021,components,679.40,136
IP01022,SUP0022,SC-001022,packaging,92.42,435
IP01023,SUP0023,SC-001023,finished_goods,746.64,241
IP01024,SUP0024,SC-001024,consumables,503.65,262
IP01025,SUP0025,SC-001025,spares,301.02,283
IP01026,SUP0026,SC-001026,components,346.55,468
IP01027,SUP0027,SC-001027,packaging,723.85,377
IP01028,SUP0028,SC-001028,finished_goods,494.57,242
IP01029,SUP0029,SC-001029,consumables,90.63,260
IP01030,SUP0030,SC-001030,spares,97.23,50
IP01031,SUP0031,SC-001031,components,843.64,357
IP01032,SUP0032,SC-001032,packaging,716.16,229
IP01033,SUP0033,SC-001033,finished_goods,118.61,105
IP01034,SUP0034,SC-001034,consumables,632.97,260
IP01035,SUP0035,SC-001035,spares,555.63,190
IP01036,SUP0036,SC-001036,components,210.78,394
IP01037,SUP0037,SC-001037,packaging,11.57,51
IP01038,SUP0038,SC-001038,finished_goods,777.46,410
IP01039,SUP0039,SC-001039,consumables,316.20,99
IP01040,SUP0040,SC-001040,spares,219.15,354
IP01041,SUP0041,SC-001041,components,784.36,302
IP01042,SUP0042,SC-001042,packaging,721.42,257
IP01043,SUP0043,SC-001043,finished_goods,83.36,379
IP01044,SUP0044,SC-001044,consumables,573.66,196
IP01045,SUP0045,SC-001045,spares,622.47,180
IP01046,SUP0046,SC-001046,components,458.50,422
IP01047,SUP0047,SC-001047,packaging,620.93,354
IP01048,SUP0048,SC-001048,finished_goods,553.67,197
IP01049,SUP0049,SC-001049,consumables,659.03,438
IP01050,SUP0050,SC-001050,spares,432.22,458
IP01051,SUP0051,SC-001051,components,794.70,400
IP01052,SUP0052,SC-001052,packaging,698.36,62
IP01053,SUP0053,SC-001053,finished_goods,413.50,355
IP01054,SUP0054,SC-001054,consumables,348.15,86
IP01055,SUP0055,SC-001055,spares,710.99,97
IP01056,SUP0056,SC-001056,components,227.54,150
IP01057,SUP0057,SC-001057,packaging,306.60,98
IP01058,SUP0058,SC-001058,finished_goods,464.33,373
IP01059,SUP0059,SC-001059,consumables,197.42,496
IP01060,SUP0060,SC-001060,spares,609.24,173
IP01061,SUP0061,SC-001061,components,102.94,287
IP01062,SUP0062,SC-001062,packaging,240.18,251
IP01063,SUP0063,SC-001063,finished_goods,253.91,476
IP01064,SUP0064,SC-001064,consumables,774.19,45
IP01065,SUP0065,SC-001065,spares,846.72,396
IP01066,SUP0066,SC-001066,components,585.91,426
IP01067,SUP0067,SC-001067,packaging,202.01,267
IP01068,SUP0068,SC-001068,finished_goods,579.07,147
IP01069,SUP0069,SC-001069,consumables,61.45,306
IP01070,SUP0070,SC-001070,spares,281.34,317
IP01071,SUP0071,SC-001071,components,727.18,201
IP01072,SUP0072,SC-001072,packaging,154.71,270
IP01073,SUP0073,SC-001073,finished_goods,753.13,346
IP01074,SUP0074,SC-001074,consumables,826.65,69
IP01075,SUP0075,SC-001075,spares,102.65,97
IP01076,SUP0076,SC-001076,components,168.85,215
IP01077,SUP0077,SC-001077,packaging,465.52,137
IP01078,SUP0078,SC-001078,finished_goods,713.16,421
IP01079,SUP0079,SC-001079,consumables,63.67,92
IP01080,SUP0080,SC-001080,spares,370.99,391
IP01081,SUP0081,SC-001081,components,769.25,344
IP01082,SUP0082,SC-001082,packaging,418.35,415
IP01083,SUP0083,SC-001083,finished_goods,313.78,414
IP01084,SUP0084,SC-001084,consumables,641.10,326
IP01085,SUP0085,SC-001085,spares,505.93,273
IP01086,SUP0086,SC-001086,components,185.65,154
IP01087,SUP0087,SC-001087,packaging,800.81,189
IP01088,SUP0088,SC-001088,finished_goods,397.29,173
IP01089,SUP0089,SC-001089,consumables,472.18,126
IP01090,SUP0090,SC-001090,spares,689.08,220
IP01091,SUP0091,SC-001091,components,646.43,250
IP01092,SUP0092,SC-001092,packaging,57.81,263
IP01093,SUP0093,SC-001093,finished_goods,521.24,213
IP01094,SUP0094,SC-001094,consumables,498.36,353
IP01095,SUP0095,SC-001095,spares,398.96,61
IP01096,SUP0096,SC-001096,components,261.42,42
IP01097,SUP0097,SC-001097,packaging,263.51,449
IP01098,SUP0098,SC-001098,finished_goods,327.71,289
IP01099,SUP0099,SC-001099,consumables,142.57,97
IP01100,SUP0100,SC-001100,spares,808.26,361
IP01101,SUP0101,SC-001101,components,565.48,78
IP01102,SUP0102,SC-001102,packaging,640.91,323
IP01103,SUP0103,SC-001103,finished_goods,103.44,118
IP01104,SUP0104,SC-001104,consumables,315.91,94
IP01105,SUP0105,SC-001105,spares,610.18,320
IP01106,SUP0106,SC-001106,components,219.20,230
IP01107,SUP0107,SC-001107,packaging,126.28,394
IP01108,SUP0108,SC-001108,finished_goods,839.32,263
IP01109,SUP0109,SC-001109,consumables,766.40,352
IP01110,SUP0110,SC-001110,spares,225.65,480
IP01111,SUP0111,SC-001111,components,564.13,318
IP01112,SUP0112,SC-001112,packaging,434.55,362
IP01113,SUP0113,SC-001113,finished_goods,598.85,436
IP01114,SUP0114,SC-001114,consumables,220.09,223
IP01115,SUP0115,SC-001115,spares,90.82,208
IP01116,SUP0116,SC-001116,components,98.39,26
IP01117,SUP0117,SC-001117,packaging,237.96,442
IP01118,SUP0118,SC-001118,finished_goods,191.54,449
IP01119,SUP0119,SC-001119,consumables,626.52,187
IP01120,SUP0120,SC-001120,spares,625.96,164
IP01121,SUP0121,SC-001121,components,33.43,200
IP01122,SUP0122,SC-001122,packaging,510.48,459
IP01123,SUP0123,SC-001123,finished_goods,279.80,240
IP01124,SUP0124,SC-001124,consumables,49.85,29
IP01125,SUP0125,SC-001125,spares,804.18,26
IP01126,SUP0126,SC-001126,components,284.61,201
IP01127,SUP0127,SC-001127,packaging,150.64,291
IP01128,SUP0128,SC-001128,finished_goods,336.19,375
IP01129,SUP0129,SC-001129,consumables,375.01,125
IP01130,SUP0130,SC-001130,spares,380.11,168
IP01131,SUP0131,SC-001131,components,367.48,331
IP01132,SUP0132,SC-001132,packaging,150.19,59
IP01133,SUP0133,SC-001133,finished_goods,139.28,89
IP01134,SUP0134,SC-001134,consumables,587.46,260
IP01135,SUP0135,SC-001135,spares,451.83,348
IP01136,SUP0136,SC-001136,components,481.97,333
IP01137,SUP0137,SC-001137,packaging,213.80,359
IP01138,SUP0138,SC-001138,finished_goods,309.81,264
IP01139,SUP0139,SC-001139,consumables,845.53,288
IP01140,SUP0140,SC-001140,spares,317.23,90
IP01141,SUP0141,SC-001141,components,480.48,500
IP01142,SUP0142,SC-001142,packaging,114.48,253
IP01143,SUP0143,SC-001143,finished_goods,491.03,47
IP01144,SUP0144,SC-001144,consumables,153.45,84
IP01145,SUP0145,SC-001145,spares,14.09,404
IP01146,SUP0146,SC-001146,components,591.62,418
IP01147,SUP0147,SC-001147,packaging,354.02,27
IP01148,SUP0148,SC-001148,finished_goods,299.34,427
IP01149,SUP0149,SC-001149,consumables,346.10,120
IP01150,SUP0150,SC-001150,spares,224.58,217
IP01151,SUP0151,SC-001151,components,364.09,83
IP01152,SUP0152,SC-001152,packaging,23.31,246
IP01153,SUP0153,SC-001153,finished_goods,604.75,192
IP01154,SUP0154,SC-001154,consumables,118.51,486
IP01155,SUP0155,SC-001155,spares,309.16,135
IP01156,SUP0156,SC-001156,components,258.81,203
IP01157,SUP0157,SC-001157,packaging,344.42,168
IP01158,SUP0158,SC-001158,finished_goods,547.61,219
IP01159,SUP0159,SC-001159,consumables,372.54,252
IP01160,SUP0160,SC-001160,spares,117.74,181
IP01161,SUP0161,SC-001161,components,92.98,53
IP01162,SUP0162,SC-001162,packaging,381.56,201
IP01163,SUP0163,SC-001163,finished_goods,794.88,330
IP01164,SUP0164,SC-001164,consumables,619.06,369
IP01165,SUP0165,SC-001165,spares,216.72,279
IP01166,SUP0166,SC-001166,components,103.20,325
IP01167,SUP0167,SC-001167,packaging,825.25,413
IP01168,SUP0168,SC-001168,finished_goods,278.00,319
IP01169,SUP0169,SC-001169,consumables,99.95,26
IP01170,SUP0170,SC-001170,spares,805.28,295
IP01171,SUP0171,SC-001171,components,524.55,133
IP01172,SUP0172,SC-001172,packaging,65.84,40
IP01173,SUP0173,SC-001173,finished_goods,40.61,172
IP01174,SUP0174,SC-001174,consumables,612.60,183
IP01175,SUP0175,SC-001175,spares,37.67,32
IP01176,SUP0176,SC-001176,components,112.48,400
IP01177,SUP0177,SC-001177,packaging,27.31,84
IP01178,SUP0178,SC-001178,finished_goods,581.78,389
IP01179,SUP0179,SC-001179,consumables,354.96,465
IP01180,SUP0180,SC-001180,spares,587.91,82
IP01181,SUP0181,SC-001181,components,714.58,461
IP01182,SUP0182,SC-001182,packaging,174.95,279
IP01183,SUP0183,SC-001183,finished_goods,146.65,196
IP01184,SUP0184,SC-001184,consumables,809.74,431
IP01185,SUP0185,SC-001185,spares,275.71,217
IP01186,SUP0186,SC-001186,components,591.57,218
IP01187,SUP0187,SC-001187,packaging,513.87,77
IP01188,SUP0188,SC-001188,finished_goods,690.75,393
IP01189,SUP0189,SC-001189,consumables,33.99,366
IP01190,SUP0190,SC-001190,spares,675.59,430
IP01191,SUP0191,SC-001191,components,580.84,346
IP01192,SUP0192,SC-001192,packaging,274.66,82
IP01193,SUP0193,SC-001193,finished_goods,484.69,52
IP01194,SUP0194,SC-001194,consumables,51.97,121
IP01195,SUP0195,SC-001195,spares,303.33,480
IP01196,SUP0196,SC-001196,components,33.88,154
IP01197,SUP0197,SC-001197,packaging,405.64,233
IP01198,SUP0198,SC-001198,finished_goods,349.78,73
IP01199,SUP0199,SC-001199,consumables,52.67,349
IP01200,SUP0200,SC-001200,spares,847.17,131
IP01201,SUP0201,SC-001201,components,71.56,157
IP01202,SUP0202,SC-001202,packaging,441.54,362
IP01203,SUP0203,SC-001203,finished_goods,583.50,445
IP01204,SUP0204,SC-001204,consumables,225.28,424
IP01205,SUP0205,SC-001205,spares,457.44,487
IP01206,SUP0206,SC-001206,components,259.98,328
IP01207,SUP0207,SC-001207,packaging,9.24,104
IP01208,SUP0208,SC-001208,finished_goods,522.42,297
IP01209,SUP0209,SC-001209,consumables,607.03,455
IP01210,SUP0210,SC-001210,spares,615.40,122
IP01211,SUP0211,SC-001211,components,18.04,145
IP01212,SUP0212,SC-001212,packaging,202.84,139
IP01213,SUP0213,SC-001213,finished_goods,491.81,41
IP01214,SUP0214,SC-001214,consumables,709.33,31
IP01215,SUP0215,SC-001215,spares,449.81,331
IP01216,SUP0216,SC-001216,components,250.30,489
IP01217,SUP0217,SC-001217,packaging,280.63,481
IP01218,SUP0218,SC-001218,finished_goods,226.32,168
IP01219,SUP0219,SC-001219,consumables,338.02,399
IP01220,SUP0220,SC-001220,spares,625.88,439
IP01221,SUP0221,SC-001221,components,275.58,367
IP01222,SUP0222,SC-001222,packaging,755.62,461
IP01223,SUP0223,SC-001223,finished_goods,379.61,252
IP01224,SUP0224,SC-001224,consumables,293.86,128
IP01225,SUP0225,SC-001225,spares,612.77,60
IP01226,SUP0226,SC-001226,components,219.35,407
IP01227,SUP0227,SC-001227,packaging,695.71,296
IP01228,SUP0228,SC-001228,finished_goods,841.51,368
IP01229,SUP0229,SC-001229,consumables,198.05,48
IP01230,SUP0230,SC-001230,spares,770.98,406
IP01231,SUP0231,SC-001231,components,59.47,446
IP01232,SUP0232,SC-001232,packaging,40.06,169
IP01233,SUP0233,SC-001233,finished_goods,421.17,33
IP01234,SUP0234,SC-001234,consumables,491.19,133
IP01235,SUP0235,SC-001235,spares,157.03,165
IP01236,SUP0236,SC-001236,components,3.48,116
IP01237,SUP0237,SC-001237,packaging,38.29,122
IP01238,SUP0238,SC-001238,finished_goods,69.88,160
IP01239,SUP0239,SC-001239,consumables,110.22,29
IP01240,SUP0240,SC-001240,spares,433.41,464
IP01241,SUP0241,SC-001241,components,547.76,228
IP01242,SUP0242,SC-001242,packaging,641.02,65
IP01243,SUP0243,SC-001243,finished_goods,242.59,305
IP01244,SUP0244,SC-001244,consumables,817.47,166
IP01245,SUP0245,SC-001245,spares,672.86,482
IP01246,SUP0246,SC-001246,components,195.26,242
IP01247,SUP0247,SC-001247,packaging,791.02,399
IP01248,SUP0248,SC-001248,finished_goods,3.79,173
IP01249,SUP0249,SC-001249,consumables,37.87,278
IP01250,SUP0250,SC-001250,spares,290.72,73
IP01251,SUP0001,SC-001251,components,550.35,51
IP01252,SUP0002,SC-001252,packaging,423.85,92
IP01253,SUP0003,SC-001253,finished_goods,756.87,105
IP01254,SUP0004,SC-001254,consumables,371.42,178
IP01255,SUP0005,SC-001255,spares,430.36,348
IP01256,SUP0006,SC-001256,components,374.83,112
IP01257,SUP0007,SC-001257,packaging,574.15,422
IP01258,SUP0008,SC-001258,finished_goods,185.11,288
IP01259,SUP0009,SC-001259,consumables,666.76,258
IP01260,SUP0010,SC-001260,spares,120.70,124
IP01261,SUP0011,SC-001261,components,514.24,423
IP01262,SUP0012,SC-001262,packaging,83.83,193
IP01263,SUP0013,SC-001263,finished_goods,235.25,216
IP01264,SUP0014,SC-001264,consumables,568.32,112
IP01265,SUP0015,SC-001265,spares,785.76,352
IP01266,SUP0016,SC-001266,components,487.41,420
IP01267,SUP0017,SC-001267,packaging,179.98,301
IP01268,SUP0018,SC-001268,finished_goods,283.00,31
IP01269,SUP0019,SC-001269,consumables,375.50,155
IP01270,SUP0020,SC-001270,spares,394.36,171
IP01271,SUP0021,SC-001271,components,278.43,120
IP01272,SUP0022,SC-001272,packaging,843.62,283
IP01273,SUP0023,SC-001273,finished_goods,354.38,133
IP01274,SUP0024,SC-001274,consumables,657.83,450
IP01275,SUP0025,SC-001275,spares,136.28,464
IP01276,SUP0026,SC-001276,components,325.63,238
IP01277,SUP0027,SC-001277,packaging,665.40,107
IP01278,SUP0028,SC-001278,finished_goods,752.65,231
IP01279,SUP0029,SC-001279,consumables,743.75,59
IP01280,SUP0030,SC-001280,spares,174.77,151
IP01281,SUP0031,SC-001281,components,575.43,32
IP01282,SUP0032,SC-001282,packaging,459.74,128
IP01283,SUP0033,SC-001283,finished_goods,389.49,348
IP01284,SUP0034,SC-001284,consumables,764.08,409
IP01285,SUP0035,SC-001285,spares,266.26,407
IP01286,SUP0036,SC-001286,components,281.10,438
IP01287,SUP0037,SC-001287,packaging,136.32,158
IP01288,SUP0038,SC-001288,finished_goods,771.02,53
IP01289,SUP0039,SC-001289,consumables,636.52,170
IP01290,SUP0040,SC-001290,spares,446.02,179
IP01291,SUP0041,SC-001291,components,29.56,145
IP01292,SUP0042,SC-001292,packaging,267.60,261
IP01293,SUP0043,SC-001293,finished_goods,60.03,123
IP01294,SUP0044,SC-001294,consumables,656.19,398
IP01295,SUP0045,SC-001295,spares,262.25,173
IP01296,SUP0046,SC-001296,components,655.25,137
IP01297,SUP0047,SC-001297,packaging,97.27,461
IP01298,SUP0048,SC-001298,finished_goods,142.16,223
IP01299,SUP0049,SC-001299,consumables,842.68,439
IP01300,SUP0050,SC-001300,spares,38.87,127
IP01301,SUP0051,SC-001301,components,121.50,465
IP01302,SUP0052,SC-001302,packaging,488.57,288
IP01303,SUP0053,SC-001303,finished_goods,690.34,310
IP01304,SUP0054,SC-001304,consumables,638.89,454
IP01305,SUP0055,SC-001305,spares,511.34,499
IP01306,SUP0056,SC-001306,components,30.15,212
IP01307,SUP0057,SC-001307,packaging,131.17,443
IP01308,SUP0058,SC-001308,finished_goods,685.06,285
IP01309,SUP0059,SC-001309,consumables,464.37,347
IP01310,SUP0060,SC-001310,spares,234.09,91
IP01311,SUP0061,SC-001311,components,344.94,311
IP01312,SUP0062,SC-001312,packaging,479.18,222
IP01313,SUP0063,SC-001313,finished_goods,503.47,451
IP01314,SUP0064,SC-001314,consumables,297.38,417
IP01315,SUP0065,SC-001315,spares,530.50,282
IP01316,SUP0066,SC-001316,components,256.96,216
IP01317,SUP0067,SC-001317,packaging,17.63,126
IP01318,SUP0068,SC-001318,finished_goods,176.60,260
IP01319,SUP0069,SC-001319,consumables,5.96,104
IP01320,SUP0070,SC-001320,spares,349.94,74
IP01321,SUP0071,SC-001321,components,44.42,74
IP01322,SUP0072,SC-001322,packaging,653.43,282
IP01323,SUP0073,SC-001323,finished_goods,696.10,130
IP01324,SUP0074,SC-001324,consumables,806.12,164
IP01325,SUP0075,SC-001325,spares,460.33,208
IP01326,SUP0076,SC-001326,components,217.48,363
IP01327,SUP0077,SC-001327,packaging,217.37,249
IP01328,SUP0078,SC-001328,finished_goods,263.88,125
IP01329,SUP0079,SC-001329,consumables,252.93,327
IP01330,SUP0080,SC-001330,spares,777.63,192
IP01331,SUP0081,SC-001331,components,396.12,299
IP01332,SUP0082,SC-001332,packaging,8.77,200
IP01333,SUP0083,SC-001333,finished_goods,194.27,244
IP01334,SUP0084,SC-001334,consumables,742.65,295
IP01335,SUP0085,SC-001335,spares,381.92,456
IP01336,SUP0086,SC-001336,components,12.40,399
IP01337,SUP0087,SC-001337,packaging,339.24,350
IP01338,SUP0088,SC-001338,finished_goods,117.70,486
IP01339,SUP0089,SC-001339,consumables,686.78,174
IP01340,SUP0090,SC-001340,spares,802.37,228
IP01341,SUP0091,SC-001341,components,284.04,161
IP01342,SUP0092,SC-001342,packaging,10.19,256
IP01343,SUP0093,SC-001343,finished_goods,774.96,241
IP01344,SUP0094,SC-001344,consumables,179.43,234
IP01345,SUP0095,SC-001345,spares,808.23,154
IP01346,SUP0096,SC-001346,components,255.29,88
IP01347,SUP0097,SC-001347,packaging,593.63,480
IP01348,SUP0098,SC-001348,finished_goods,398.24,400
IP01349,SUP0099,SC-001349,consumables,143.73,183
IP01350,SUP0100,SC-001350,spares,378.19,418
IP01351,SUP0101,SC-001351,components,664.09,290
IP01352,SUP0102,SC-001352,packaging,109.25,165
IP01353,SUP0103,SC-001353,finished_goods,796.06,173
IP01354,SUP0104,SC-001354,consumables,491.37,489
IP01355,SUP0105,SC-001355,spares,276.23,292
IP01356,SUP0106,SC-001356,components,687.34,491
IP01357,SUP0107,SC-001357,packaging,783.01,469
IP01358,SUP0108,SC-001358,finished_goods,555.63,408
IP01359,SUP0109,SC-001359,consumables,352.36,267
IP01360,SUP0110,SC-001360,spares,50.45,84
IP01361,SUP0111,SC-001361,components,300.57,356
IP01362,SUP0112,SC-001362,packaging,341.62,338
IP01363,SUP0113,SC-001363,finished_goods,205.92,45
IP01364,SUP0114,SC-001364,consumables,525.90,239
IP01365,SUP0115,SC-001365,spares,110.44,345
IP01366,SUP0116,SC-001366,components,182.58,470
IP01367,SUP0117,SC-001367,packaging,527.74,179
IP01368,SUP0118,SC-001368,finished_goods,144.60,421
IP01369,SUP0119,SC-001369,consumables,203.27,295
IP01370,SUP0120,SC-001370,spares,617.14,352
IP01371,SUP0121,SC-001371,components,52.70,204
IP01372,SUP0122,SC-001372,packaging,95.86,59
IP01373,SUP0123,SC-001373,finished_goods,405.40,201
IP01374,SUP0124,SC-001374,consumables,368.32,316
IP01375,SUP0125,SC-001375,spares,291.72,185
IP01376,SUP0126,SC-001376,components,734.32,268
IP01377,SUP0127,SC-001377,packaging,122.40,313
IP01378,SUP0128,SC-001378,finished_goods,247.78,174
IP01379,SUP0129,SC-001379,consumables,723.60,161
IP01380,SUP0130,SC-001380,spares,786.58,69
IP01381,SUP0131,SC-001381,components,685.12,309
IP01382,SUP0132,SC-001382,packaging,634.41,55
IP01383,SUP0133,SC-001383,finished_goods,379.65,312
IP01384,SUP0134,SC-001384,consumables,428.72,130
IP01385,SUP0135,SC-001385,spares,120.08,112
IP01386,SUP0136,SC-001386,components,54.59,284
IP01387,SUP0137,SC-001387,packaging,576.47,428
IP01388,SUP0138,SC-001388,finished_goods,829.02,321
IP01389,SUP0139,SC-001389,consumables,373.05,209
IP01390,SUP0140,SC-001390,spares,599.62,87
IP01391,SUP0141,SC-001391,components,661.10,447
IP01392,SUP0142,SC-001392,packaging,529.47,358
IP01393,SUP0143,SC-001393,finished_goods,485.94,457
IP01394,SUP0144,SC-001394,consumables,478.14,404
IP01395,SUP0145,SC-001395,spares,735.58,287
IP01396,SUP0146,SC-001396,components,601.06,375
IP01397,SUP0147,SC-001397,packaging,816.38,118
IP01398,SUP0148,SC-001398,finished_goods,776.02,77
IP01399,SUP0149,SC-001399,consumables,104.13,60
IP01400,SUP0150,SC-001400,spares,68.06,167
IP01401,SUP0151,SC-001401,components,421.03,322
IP01402,SUP0152,SC-001402,packaging,522.13,234
IP01403,SUP0153,SC-001403,finished_goods,793.10,151
IP01404,SUP0154,SC-001404,consumables,195.81,351
IP01405,SUP0155,SC-001405,spares,167.56,466
IP01406,SUP0156,SC-001406,components,69.65,270
IP01407,SUP0157,SC-001407,packaging,813.69,159
IP01408,SUP0158,SC-001408,finished_goods,518.42,341
IP01409,SUP0159,SC-001409,consumables,298.08,350
IP01410,SUP0160,SC-001410,spares,434.66,230
IP01411,SUP0161,SC-001411,components,100.72,91
IP01412,SUP0162,SC-001412,packaging,418.62,484
IP01413,SUP0163,SC-001413,finished_goods,777.52,471
IP01414,SUP0164,SC-001414,consumables,189.21,466
IP01415,SUP0165,SC-001415,spares,29.96,107
IP01416,SUP0166,SC-001416,components,808.35,197
IP01417,SUP0167,SC-001417,packaging,794.37,289
IP01418,SUP0168,SC-001418,finished_goods,58.01,95
IP01419,SUP0169,SC-001419,consumables,359.96,307
IP01420,SUP0170,SC-001420,spares,776.69,145
IP01421,SUP0171,SC-001421,components,349.45,175
IP01422,SUP0172,SC-001422,packaging,341.73,60
IP01423,SUP0173,SC-001423,finished_goods,818.62,282
IP01424,SUP0174,SC-001424,consumables,381.29,101
IP01425,SUP0175,SC-001425,spares,832.46,394
IP01426,SUP0176,SC-001426,components,687.23,294
IP01427,SUP0177,SC-001427,packaging,94.01,479
IP01428,SUP0178,SC-001428,finished_goods,791.90,144
IP01429,SUP0179,SC-001429,consumables,247.60,178
IP01430,SUP0180,SC-001430,spares,408.63,379
IP01431,SUP0181,SC-001431,components,665.00,417
IP01432,SUP0182,SC-001432,packaging,270.43,207
IP01433,SUP0183,SC-001433,finished_goods,761.10,51
IP01434,SUP0184,SC-001434,consumables,664.90,245
IP01435,SUP0185,SC-001435,spares,332.50,54
IP01436,SUP0186,SC-001436,components,9.64,326
IP01437,SUP0187,SC-001437,packaging,9.27,275
IP01438,SUP0188,SC-001438,finished_goods,710.73,304
IP01439,SUP0189,SC-001439,consumables,62.34,283
IP01440,SUP0190,SC-001440,spares,9.18,449
IP01441,SUP0191,SC-001441,components,84.47,489
IP01442,SUP0192,SC-001442,packaging,388.77,127
IP01443,SUP0193,SC-001443,finished_goods,504.30,395
IP01444,SUP0194,SC-001444,consumables,792.37,246
IP01445,SUP0195,SC-001445,spares,451.09,196
IP01446,SUP0196,SC-001446,components,767.82,484
IP01447,SUP0197,SC-001447,packaging,610.95,353
IP01448,SUP0198,SC-001448,finished_goods,555.51,356
IP01449,SUP0199,SC-001449,consumables,197.50,49
IP01450,SUP0200,SC-001450,spares,254.34,481
IP01451,SUP0201,SC-001451,components,55.18,475
IP01452,SUP0202,SC-001452,packaging,274.93,232
IP01453,SUP0203,SC-001453,finished_goods,53.37,285
IP01454,SUP0204,SC-001454,consumables,631.90,86
IP01455,SUP0205,SC-001455,spares,459.42,184
IP01456,SUP0206,SC-001456,components,269.61,346
IP01457,SUP0207,SC-001457,packaging,470.83,281
IP01458,SUP0208,SC-001458,finished_goods,200.31,382
IP01459,SUP0209,SC-001459,consumables,150.72,270
IP01460,SUP0210,SC-001460,spares,585.18,342
IP01461,SUP0211,SC-001461,components,38.54,84
IP01462,SUP0212,SC-001462,packaging,801.51,93
IP01463,SUP0213,SC-001463,finished_goods,654.35,145
IP01464,SUP0214,SC-001464,consumables,398.14,89
IP01465,SUP0215,SC-001465,spares,65.63,54
IP01466,SUP0216,SC-001466,components,661.71,189
IP01467,SUP0217,SC-001467,packaging,245.93,461
IP01468,SUP0218,SC-001468,finished_goods,53.19,98
IP01469,SUP0219,SC-001469,consumables,64.77,254
IP01470,SUP0220,SC-001470,spares,371.75,155
IP01471,SUP0221,SC-001471,components,299.28,411
IP01472,SUP0222,SC-001472,packaging,315.49,496
IP01473,SUP0223,SC-001473,finished_goods,101.79,357
IP01474,SUP0224,SC-001474,consumables,17.35,151
IP01475,SUP0225,SC-001475,spares,64.45,214
IP01476,SUP0226,SC-001476,components,659.82,246
IP01477,SUP0227,SC-001477,packaging,465.95,194
IP01478,SUP0228,SC-001478,finished_goods,173.39,276
IP01479,SUP0229,SC-001479,consumables,373.18,336
IP01480,SUP0230,SC-001480,spares,56.12,456
IP01481,SUP0231,SC-001481,components,74.89,433
IP01482,SUP0232,SC-001482,packaging,470.57,271
IP01483,SUP0233,SC-001483,finished_goods,19.63,342
IP01484,SUP0234,SC-001484,consumables,402.39,411
IP01485,SUP0235,SC-001485,spares,737.37,314
IP01486,SUP0236,SC-001486,components,440.42,194
IP01487,SUP0237,SC-001487,packaging,253.87,498
IP01488,SUP0238,SC-001488,finished_goods,180.24,313
IP01489,SUP0239,SC-001489,consumables,624.18,381
IP01490,SUP0240,SC-001490,spares,409.48,137
IP01491,SUP0241,SC-001491,components,114.04,44
IP01492,SUP0242,SC-001492,packaging,137.45,307
IP01493,SUP0243,SC-001493,finished_goods,653.78,452
IP01494,SUP0244,SC-001494,consumables,95.29,213
IP01495,SUP0245,SC-001495,spares,371.15,120
IP01496,SUP0246,SC-001496,components,324.11,234
IP01497,SUP0247,SC-001497,packaging,802.93,84
IP01498,SUP0248,SC-001498,finished_goods,716.09,168
IP01499,SUP0249,SC-001499,consumables,7.53,131
IP01500,SUP0250,SC-001500,spares,710.69,387
IP01501,SUP0001,SC-001501,components,455.22,496
IP01502,SUP0002,SC-001502,packaging,653.27,282
IP01503,SUP0003,SC-001503,finished_goods,167.55,173
IP01504,SUP0004,SC-001504,consumables,559.68,202
IP01505,SUP0005,SC-001505,spares,274.63,246
IP01506,SUP0006,SC-001506,components,705.90,312
IP01507,SUP0007,SC-001507,packaging,133.68,434
IP01508,SUP0008,SC-001508,finished_goods,78.58,254
IP01509,SUP0009,SC-001509,consumables,583.67,450
IP01510,SUP0010,SC-001510,spares,658.24,142
IP01511,SUP0011,SC-001511,components,417.38,173
IP01512,SUP0012,SC-001512,packaging,131.01,392
IP01513,SUP0013,SC-001513,finished_goods,86.15,26
IP01514,SUP0014,SC-001514,consumables,549.15,195
IP01515,SUP0015,SC-001515,spares,622.17,333
IP01516,SUP0016,SC-001516,components,236.05,116
IP01517,SUP0017,SC-001517,packaging,685.76,157
IP01518,SUP0018,SC-001518,finished_goods,623.51,446
IP01519,SUP0019,SC-001519,consumables,263.76,422
IP01520,SUP0020,SC-001520,spares,258.65,48
IP01521,SUP0021,SC-001521,components,817.41,273
IP01522,SUP0022,SC-001522,packaging,198.69,202
IP01523,SUP0023,SC-001523,finished_goods,344.32,63
IP01524,SUP0024,SC-001524,consumables,746.28,468
IP01525,SUP0025,SC-001525,spares,223.36,54
IP01526,SUP0026,SC-001526,components,505.78,145
IP01527,SUP0027,SC-001527,packaging,609.62,277
IP01528,SUP0028,SC-001528,finished_goods,556.38,195
IP01529,SUP0029,SC-001529,consumables,239.07,263
IP01530,SUP0030,SC-001530,spares,137.51,481
IP01531,SUP0031,SC-001531,components,346.30,247
IP01532,SUP0032,SC-001532,packaging,401.08,383
IP01533,SUP0033,SC-001533,finished_goods,828.25,157
IP01534,SUP0034,SC-001534,consumables,251.06,102
IP01535,SUP0035,SC-001535,spares,209.51,427
IP01536,SUP0036,SC-001536,components,73.93,304
IP01537,SUP0037,SC-001537,packaging,744.21,486
IP01538,SUP0038,SC-001538,finished_goods,848.42,150
IP01539,SUP0039,SC-001539,consumables,781.48,123
IP01540,SUP0040,SC-001540,spares,178.43,339
IP01541,SUP0041,SC-001541,components,316.38,67
IP01542,SUP0042,SC-001542,packaging,778.41,373
IP01543,SUP0043,SC-001543,finished_goods,524.90,211
IP01544,SUP0044,SC-001544,consumables,489.02,379
IP01545,SUP0045,SC-001545,spares,56.62,305
IP01546,SUP0046,SC-001546,components,638.90,469
IP01547,SUP0047,SC-001547,packaging,31.54,56
IP01548,SUP0048,SC-001548,finished_goods,97.93,224
IP01549,SUP0049,SC-001549,consumables,428.90,226
IP01550,SUP0050,SC-001550,spares,536.38,160
IP01551,SUP0051,SC-001551,components,807.15,256
IP01552,SUP0052,SC-001552,packaging,796.28,247
IP01553,SUP0053,SC-001553,finished_goods,558.29,91
IP01554,SUP0054,SC-001554,consumables,279.68,115
IP01555,SUP0055,SC-001555,spares,782.59,125
IP01556,SUP0056,SC-001556,components,202.46,414
IP01557,SUP0057,SC-001557,packaging,664.16,92
IP01558,SUP0058,SC-001558,finished_goods,738.12,339
IP01559,SUP0059,SC-001559,consumables,473.87,337
IP01560,SUP0060,SC-001560,spares,216.20,158
IP01561,SUP0061,SC-001561,components,33.70,329
IP01562,SUP0062,SC-001562,packaging,691.69,150
IP01563,SUP0063,SC-001563,finished_goods,447.15,196
IP01564,SUP0064,SC-001564,consumables,497.54,336
IP01565,SUP0065,SC-001565,spares,229.73,269
IP01566,SUP0066,SC-001566,components,86.11,381
IP01567,SUP0067,SC-001567,packaging,168.35,55
IP01568,SUP0068,SC-001568,finished_goods,723.36,261
IP01569,SUP0069,SC-001569,consumables,752.57,48
IP01570,SUP0070,SC-001570,spares,784.32,196
IP01571,SUP0071,SC-001571,components,705.37,316
IP01572,SUP0072,SC-001572,packaging,767.71,384
IP01573,SUP0073,SC-001573,finished_goods,521.99,233
IP01574,SUP0074,SC-001574,consumables,778.25,159
IP01575,SUP0075,SC-001575,spares,775.64,337
IP01576,SUP0076,SC-001576,components,260.93,281
IP01577,SUP0077,SC-001577,packaging,522.44,350
IP01578,SUP0078,SC-001578,finished_goods,214.15,40
IP01579,SUP0079,SC-001579,consumables,357.92,459
IP01580,SUP0080,SC-001580,spares,835.74,418
IP01581,SUP0081,SC-001581,components,374.88,221
IP01582,SUP0082,SC-001582,packaging,262.96,500
IP01583,SUP0083,SC-001583,finished_goods,628.40,279
IP01584,SUP0084,SC-001584,consumables,464.67,204
IP01585,SUP0085,SC-001585,spares,797.71,190
IP01586,SUP0086,SC-001586,components,266.97,374
IP01587,SUP0087,SC-001587,packaging,113.81,240
IP01588,SUP0088,SC-001588,finished_goods,189.95,103
IP01589,SUP0089,SC-001589,consumables,708.35,46
IP01590,SUP0090,SC-001590,spares,764.08,431
IP01591,SUP0091,SC-001591,components,257.46,216
IP01592,SUP0092,SC-001592,packaging,487.92,220
IP01593,SUP0093,SC-001593,finished_goods,106.77,208
IP01594,SUP0094,SC-001594,consumables,590.78,291
IP01595,SUP0095,SC-001595,spares,94.31,50
IP01596,SUP0096,SC-001596,components,441.26,161
IP01597,SUP0097,SC-001597,packaging,504.16,39
IP01598,SUP0098,SC-001598,finished_goods,686.76,299
IP01599,SUP0099,SC-001599,consumables,719.70,181
IP01600,SUP0100,SC-001600,spares,92.73,278
IP01601,SUP0101,SC-001601,components,751.29,451
IP01602,SUP0102,SC-001602,packaging,153.12,247
IP01603,SUP0103,SC-001603,finished_goods,157.61,251
IP01604,SUP0104,SC-001604,consumables,171.16,489
IP01605,SUP0105,SC-001605,spares,305.93,180
IP01606,SUP0106,SC-001606,components,191.01,82
IP01607,SUP0107,SC-001607,packaging,650.26,304
IP01608,SUP0108,SC-001608,finished_goods,423.60,90
IP01609,SUP0109,SC-001609,consumables,366.90,330
IP01610,SUP0110,SC-001610,spares,764.98,444
IP01611,SUP0111,SC-001611,components,96.30,287
IP01612,SUP0112,SC-001612,packaging,454.17,351
IP01613,SUP0113,SC-001613,finished_goods,4.47,277
IP01614,SUP0114,SC-001614,consumables,65.19,43
IP01615,SUP0115,SC-001615,spares,251.73,483
IP01616,SUP0116,SC-001616,components,390.85,170
IP01617,SUP0117,SC-001617,packaging,309.02,388
IP01618,SUP0118,SC-001618,finished_goods,707.07,492
IP01619,SUP0119,SC-001619,consumables,200.83,475
IP01620,SUP0120,SC-001620,spares,582.20,396
IP01621,SUP0121,SC-001621,components,444.31,249
IP01622,SUP0122,SC-001622,packaging,457.54,61
IP01623,SUP0123,SC-001623,finished_goods,332.01,301
IP01624,SUP0124,SC-001624,consumables,116.65,90
IP01625,SUP0125,SC-001625,spares,764.11,437
IP01626,SUP0126,SC-001626,components,385.15,390
IP01627,SUP0127,SC-001627,packaging,771.99,104
IP01628,SUP0128,SC-001628,finished_goods,286.38,208
IP01629,SUP0129,SC-001629,consumables,170.06,47
IP01630,SUP0130,SC-001630,spares,719.24,497
IP01631,SUP0131,SC-001631,components,846.92,365
IP01632,SUP0132,SC-001632,packaging,210.84,97
IP01633,SUP0133,SC-001633,finished_goods,610.92,104
IP01634,SUP0134,SC-001634,consumables,145.49,217
IP01635,SUP0135,SC-001635,spares,617.04,125
IP01636,SUP0136,SC-001636,components,506.14,161
IP01637,SUP0137,SC-001637,packaging,490.26,247
IP01638,SUP0138,SC-001638,finished_goods,770.31,303
IP01639,SUP0139,SC-001639,consumables,7.95,289
IP01640,SUP0140,SC-001640,spares,427.19,386
IP01641,SUP0141,SC-001641,components,199.90,368
IP01642,SUP0142,SC-001642,packaging,148.65,113
IP01643,SUP0143,SC-001643,finished_goods,471.37,444
IP01644,SUP0144,SC-001644,consumables,332.77,280
IP01645,SUP0145,SC-001645,spares,4.06,71
IP01646,SUP0146,SC-001646,components,307.66,190
IP01647,SUP0147,SC-001647,packaging,236.26,307
IP01648,SUP0148,SC-001648,finished_goods,775.75,305
IP01649,SUP0149,SC-001649,consumables,340.98,321
IP01650,SUP0150,SC-001650,spares,818.71,471
IP01651,SUP0151,SC-001651,components,61.46,185
IP01652,SUP0152,SC-001652,packaging,344.31,119
IP01653,SUP0153,SC-001653,finished_goods,808.97,454
IP01654,SUP0154,SC-001654,consumables,605.91,322
IP01655,SUP0155,SC-001655,spares,485.89,33
IP01656,SUP0156,SC-001656,components,714.64,422
IP01657,SUP0157,SC-001657,packaging,621.54,34
IP01658,SUP0158,SC-001658,finished_goods,640.04,337
IP01659,SUP0159,SC-001659,consumables,776.49,486
IP01660,SUP0160,SC-001660,spares,251.03,499
IP01661,SUP0161,SC-001661,components,775.28,423
IP01662,SUP0162,SC-001662,packaging,541.13,45
IP01663,SUP0163,SC-001663,finished_goods,715.33,448
IP01664,SUP0164,SC-001664,consumables,94.68,184
IP01665,SUP0165,SC-001665,spares,87.35,225
IP01666,SUP0166,SC-001666,components,205.38,162
IP01667,SUP0167,SC-001667,packaging,217.34,35
IP01668,SUP0168,SC-001668,finished_goods,844.19,496
IP01669,SUP0169,SC-001669,consumables,593.91,210
IP01670,SUP0170,SC-001670,spares,405.91,45
IP01671,SUP0171,SC-001671,components,806.78,248
IP01672,SUP0172,SC-001672,packaging,100.61,372
IP01673,SUP0173,SC-001673,finished_goods,550.07,398
IP01674,SUP0174,SC-001674,consumables,736.83,188
IP01675,SUP0175,SC-001675,spares,167.76,35
IP01676,SUP0176,SC-001676,components,374.35,285
IP01677,SUP0177,SC-001677,packaging,729.45,417
IP01678,SUP0178,SC-001678,finished_goods,497.82,307
IP01679,SUP0179,SC-001679,consumables,2.88,47
IP01680,SUP0180,SC-001680,spares,776.82,275
IP01681,SUP0181,SC-001681,components,716.11,384
IP01682,SUP0182,SC-001682,packaging,183.47,220
IP01683,SUP0183,SC-001683,finished_goods,389.81,473
IP01684,SUP0184,SC-001684,consumables,121.85,153
IP01685,SUP0185,SC-001685,spares,553.36,408
IP01686,SUP0186,SC-001686,components,295.38,493
IP01687,SUP0187,SC-001687,packaging,796.04,313
IP01688,SUP0188,SC-001688,finished_goods,430.30,435
IP01689,SUP0189,SC-001689,consumables,237.21,63
IP01690,SUP0190,SC-001690,spares,651.68,124
IP01691,SUP0191,SC-001691,components,333.21,330
IP01692,SUP0192,SC-001692,packaging,751.91,482
IP01693,SUP0193,SC-001693,finished_goods,259.89,115
IP01694,SUP0194,SC-001694,consumables,217.31,320
IP01695,SUP0195,SC-001695,spares,796.01,145
IP01696,SUP0196,SC-001696,components,774.95,313
IP01697,SUP0197,SC-001697,packaging,332.05,431
IP01698,SUP0198,SC-001698,finished_goods,460.00,117
IP01699,SUP0199,SC-001699,consumables,88.91,221
IP01700,SUP0200,SC-001700,spares,76.12,271
IP01701,SUP0201,SC-001701,components,367.34,104
IP01702,SUP0202,SC-001702,packaging,86.27,476
IP01703,SUP0203,SC-001703,finished_goods,803.42,81
IP01704,SUP0204,SC-001704,consumables,71.26,308
IP01705,SUP0205,SC-001705,spares,281.39,91
IP01706,SUP0206,SC-001706,components,395.06,491
IP01707,SUP0207,SC-001707,packaging,296.96,152
IP01708,SUP0208,SC-001708,finished_goods,31.88,207
IP01709,SUP0209,SC-001709,consumables,690.57,483
IP01710,SUP0210,SC-001710,spares,353.73,244
IP01711,SUP0211,SC-001711,components,104.43,301
IP01712,SUP0212,SC-001712,packaging,320.89,64
IP01713,SUP0213,SC-001713,finished_goods,483.68,336
IP01714,SUP0214,SC-001714,consumables,452.63,277
IP01715,SUP0215,SC-001715,spares,229.77,64
IP01716,SUP0216,SC-001716,components,116.56,45
IP01717,SUP0217,SC-001717,packaging,12.76,165
IP01718,SUP0218,SC-001718,finished_goods,178.54,438
IP01719,SUP0219,SC-001719,consumables,100.16,96
IP01720,SUP0220,SC-001720,spares,352.52,112
IP01721,SUP0221,SC-001721,components,781.66,96
IP01722,SUP0222,SC-001722,packaging,608.48,170
IP01723,SUP0223,SC-001723,finished_goods,310.17,204
IP01724,SUP0224,SC-001724,consumables,578.02,356
IP01725,SUP0225,SC-001725,spares,805.77,185
IP01726,SUP0226,SC-001726,components,562.63,470
IP01727,SUP0227,SC-001727,packaging,558.85,41
IP01728,SUP0228,SC-001728,finished_goods,175.95,183
IP01729,SUP0229,SC-001729,consumables,375.35,490
IP01730,SUP0230,SC-001730,spares,105.00,453
IP01731,SUP0231,SC-001731,components,6.73,113
IP01732,SUP0232,SC-001732,packaging,793.00,419
IP01733,SUP0233,SC-001733,finished_goods,574.82,356
IP01734,SUP0234,SC-001734,consumables,731.95,432
IP01735,SUP0235,SC-001735,spares,832.39,317
IP01736,SUP0236,SC-001736,components,779.45,261
IP01737,SUP0237,SC-001737,packaging,309.52,309
IP01738,SUP0238,SC-001738,finished_goods,426.83,90
IP01739,SUP0239,SC-001739,consumables,126.45,299
IP01740,SUP0240,SC-001740,spares,628.18,107
IP01741,SUP0241,SC-001741,components,500.94,362
IP01742,SUP0242,SC-001742,packaging,25.89,289
IP01743,SUP0243,SC-001743,finished_goods,285.43,356
IP01744,SUP0244,SC-001744,consumables,624.11,281
IP01745,SUP0245,SC-001745,spares,566.86,397
IP01746,SUP0246,SC-001746,components,157.00,373
IP01747,SUP0247,SC-001747,packaging,238.84,260
IP01748,SUP0248,SC-001748,finished_goods,792.83,410
IP01749,SUP0249,SC-001749,consumables,361.73,167
IP01750,SUP0250,SC-001750,spares,702.92,224
IP01751,SUP0001,SC-001751,components,278.59,365
IP01752,SUP0002,SC-001752,packaging,479.03,210
IP01753,SUP0003,SC-001753,finished_goods,226.48,96
IP01754,SUP0004,SC-001754,consumables,660.87,353
IP01755,SUP0005,SC-001755,spares,393.03,27
IP01756,SUP0006,SC-001756,components,216.02,179
IP01757,SUP0007,SC-001757,packaging,262.03,452
IP01758,SUP0008,SC-001758,finished_goods,342.51,183
IP01759,SUP0009,SC-001759,consumables,656.22,410
IP01760,SUP0010,SC-001760,spares,425.43,128
IP01761,SUP0011,SC-001761,components,849.01,463
IP01762,SUP0012,SC-001762,packaging,241.19,241
IP01763,SUP0013,SC-001763,finished_goods,236.15,166
IP01764,SUP0014,SC-001764,consumables,804.17,198
IP01765,SUP0015,SC-001765,spares,465.38,172
IP01766,SUP0016,SC-001766,components,623.72,164
IP01767,SUP0017,SC-001767,packaging,792.41,391
IP01768,SUP0018,SC-001768,finished_goods,593.59,406
IP01769,SUP0019,SC-001769,consumables,407.69,181
IP01770,SUP0020,SC-001770,spares,497.00,25
IP01771,SUP0021,SC-001771,components,48.63,386
IP01772,SUP0022,SC-001772,packaging,746.18,306
IP01773,SUP0023,SC-001773,finished_goods,450.90,203
IP01774,SUP0024,SC-001774,consumables,213.30,363
IP01775,SUP0025,SC-001775,spares,542.84,367
IP01776,SUP0026,SC-001776,components,303.85,111
IP01777,SUP0027,SC-001777,packaging,93.50,100
IP01778,SUP0028,SC-001778,finished_goods,171.48,201
IP01779,SUP0029,SC-001779,consumables,461.34,405
IP01780,SUP0030,SC-001780,spares,649.75,231
IP01781,SUP0031,SC-001781,components,505.24,336
IP01782,SUP0032,SC-001782,packaging,749.31,161
IP01783,SUP0033,SC-001783,finished_goods,102.93,128
IP01784,SUP0034,SC-001784,consumables,464.93,46
IP01785,SUP0035,SC-001785,spares,697.82,243
IP01786,SUP0036,SC-001786,components,618.22,393
IP01787,SUP0037,SC-001787,packaging,139.43,138
IP01788,SUP0038,SC-001788,finished_goods,2.04,251
IP01789,SUP0039,SC-001789,consumables,482.22,295
IP01790,SUP0040,SC-001790,spares,109.28,364
IP01791,SUP0041,SC-001791,components,823.56,311
IP01792,SUP0042,SC-001792,packaging,555.85,54
IP01793,SUP0043,SC-001793,finished_goods,393.24,452
IP01794,SUP0044,SC-001794,consumables,567.70,138
IP01795,SUP0045,SC-001795,spares,452.47,412
IP01796,SUP0046,SC-001796,components,570.92,333
IP01797,SUP0047,SC-001797,packaging,759.96,437
IP01798,SUP0048,SC-001798,finished_goods,734.23,191
IP01799,SUP0049,SC-001799,consumables,557.20,261
IP01800,SUP0050,SC-001800,spares,96.01,256
IP01801,SUP0051,SC-001801,components,680.10,432
IP01802,SUP0052,SC-001802,packaging,729.52,103
IP01803,SUP0053,SC-001803,finished_goods,815.84,191
IP01804,SUP0054,SC-001804,consumables,224.52,398
IP01805,SUP0055,SC-001805,spares,577.83,289
IP01806,SUP0056,SC-001806,components,652.84,76
IP01807,SUP0057,SC-001807,packaging,234.35,69
IP01808,SUP0058,SC-001808,finished_goods,258.50,38
IP01809,SUP0059,SC-001809,consumables,288.26,347
IP01810,SUP0060,SC-001810,spares,180.85,418
IP01811,SUP0061,SC-001811,components,419.19,92
IP01812,SUP0062,SC-001812,packaging,511.93,59
IP01813,SUP0063,SC-001813,finished_goods,340.53,51
IP01814,SUP0064,SC-001814,consumables,435.75,52
IP01815,SUP0065,SC-001815,spares,40.17,500
IP01816,SUP0066,SC-001816,components,305.34,317
IP01817,SUP0067,SC-001817,packaging,665.46,322
IP01818,SUP0068,SC-001818,finished_goods,478.95,345
IP01819,SUP0069,SC-001819,consumables,318.37,422
IP01820,SUP0070,SC-001820,spares,809.46,124
IP01821,SUP0071,SC-001821,components,359.87,169
IP01822,SUP0072,SC-001822,packaging,27.38,253
IP01823,SUP0073,SC-001823,finished_goods,549.73,375
IP01824,SUP0074,SC-001824,consumables,410.67,255
IP01825,SUP0075,SC-001825,spares,209.31,152
IP01826,SUP0076,SC-001826,components,446.80,59
IP01827,SUP0077,SC-001827,packaging,164.94,250
IP01828,SUP0078,SC-001828,finished_goods,809.58,295
IP01829,SUP0079,SC-001829,consumables,66.68,40
IP01830,SUP0080,SC-001830,spares,578.65,347
IP01831,SUP0081,SC-001831,components,60.71,40
IP01832,SUP0082,SC-001832,packaging,512.18,263
IP01833,SUP0083,SC-001833,finished_goods,369.40,429
IP01834,SUP0084,SC-001834,consumables,665.96,462
IP01835,SUP0085,SC-001835,spares,641.70,474
IP01836,SUP0086,SC-001836,components,334.88,191
IP01837,SUP0087,SC-001837,packaging,78.28,88
IP01838,SUP0088,SC-001838,finished_goods,208.91,213
IP01839,SUP0089,SC-001839,consumables,728.74,226
IP01840,SUP0090,SC-001840,spares,377.04,140
IP01841,SUP0091,SC-001841,components,657.14,318
IP01842,SUP0092,SC-001842,packaging,174.04,110
IP01843,SUP0093,SC-001843,finished_goods,17.80,47
IP01844,SUP0094,SC-001844,consumables,806.38,136
IP01845,SUP0095,SC-001845,spares,313.00,156
IP01846,SUP0096,SC-001846,components,404.49,266
IP01847,SUP0097,SC-001847,packaging,455.10,473
IP01848,SUP0098,SC-001848,finished_goods,85.96,286
IP01849,SUP0099,SC-001849,consumables,514.91,95
IP01850,SUP0100,SC-001850,spares,829.30,193
IP01851,SUP0101,SC-001851,components,656.63,162
IP01852,SUP0102,SC-001852,packaging,55.54,94
IP01853,SUP0103,SC-001853,finished_goods,454.86,375
IP01854,SUP0104,SC-001854,consumables,553.03,162
IP01855,SUP0105,SC-001855,spares,649.19,198
IP01856,SUP0106,SC-001856,components,770.52,46
IP01857,SUP0107,SC-001857,packaging,54.51,334
IP01858,SUP0108,SC-001858,finished_goods,454.80,426
IP01859,SUP0109,SC-001859,consumables,743.15,84
IP01860,SUP0110,SC-001860,spares,613.83,265
IP01861,SUP0111,SC-001861,components,536.87,207
IP01862,SUP0112,SC-001862,packaging,833.18,86
IP01863,SUP0113,SC-001863,finished_goods,828.67,286
IP01864,SUP0114,SC-001864,consumables,423.63,118
IP01865,SUP0115,SC-001865,spares,524.62,324
IP01866,SUP0116,SC-001866,components,164.32,181
IP01867,SUP0117,SC-001867,packaging,268.22,213
IP01868,SUP0118,SC-001868,finished_goods,364.11,238
IP01869,SUP0119,SC-001869,consumables,120.07,455
IP01870,SUP0120,SC-001870,spares,387.65,407
IP01871,SUP0121,SC-001871,components,136.27,423
IP01872,SUP0122,SC-001872,packaging,624.40,325
IP01873,SUP0123,SC-001873,finished_goods,134.29,336
IP01874,SUP0124,SC-001874,consumables,792.58,401
IP01875,SUP0125,SC-001875,spares,403.72,359
IP01876,SUP0126,SC-001876,components,633.90,415
IP01877,SUP0127,SC-001877,packaging,20.55,275
IP01878,SUP0128,SC-001878,finished_goods,603.75,254
IP01879,SUP0129,SC-001879,consumables,520.67,269
IP01880,SUP0130,SC-001880,spares,141.83,426
IP01881,SUP0131,SC-001881,components,539.57,33
IP01882,SUP0132,SC-001882,packaging,34.51,247
IP01883,SUP0133,SC-001883,finished_goods,93.78,128
IP01884,SUP0134,SC-001884,consumables,7.01,387
IP01885,SUP0135,SC-001885,spares,716.87,173
IP01886,SUP0136,SC-001886,components,75.47,350
IP01887,SUP0137,SC-001887,packaging,40.97,201
IP01888,SUP0138,SC-001888,finished_goods,790.56,157
IP01889,SUP0139,SC-001889,consumables,740.32,65
IP01890,SUP0140,SC-001890,spares,806.04,473
IP01891,SUP0141,SC-001891,components,798.90,189
IP01892,SUP0142,SC-001892,packaging,294.83,349
IP01893,SUP0143,SC-001893,finished_goods,728.49,336
IP01894,SUP0144,SC-001894,consumables,216.99,154
IP01895,SUP0145,SC-001895,spares,667.34,184
IP01896,SUP0146,SC-001896,components,26.62,182
IP01897,SUP0147,SC-001897,packaging,427.16,343
IP01898,SUP0148,SC-001898,finished_goods,769.01,385
IP01899,SUP0149,SC-001899,consumables,139.31,422
IP01900,SUP0150,SC-001900,spares,367.90,463
IP01901,SUP0151,SC-001901,components,778.72,176
IP01902,SUP0152,SC-001902,packaging,557.48,455
IP01903,SUP0153,SC-001903,finished_goods,738.42,49
IP01904,SUP0154,SC-001904,consumables,703.68,252
IP01905,SUP0155,SC-001905,spares,517.08,59
IP01906,SUP0156,SC-001906,components,471.02,69
IP01907,SUP0157,SC-001907,packaging,545.64,100
IP01908,SUP0158,SC-001908,finished_goods,710.27,493
IP01909,SUP0159,SC-001909,consumables,498.49,162
IP01910,SUP0160,SC-001910,spares,843.28,317
IP01911,SUP0161,SC-001911,components,299.62,491
IP01912,SUP0162,SC-001912,packaging,812.52,53
IP01913,SUP0163,SC-001913,finished_goods,530.52,143
IP01914,SUP0164,SC-001914,consumables,766.28,33
IP01915,SUP0165,SC-001915,spares,261.75,81
IP01916,SUP0166,SC-001916,components,95.30,164
IP01917,SUP0167,SC-001917,packaging,230.16,347
IP01918,SUP0168,SC-001918,finished_goods,405.25,282
IP01919,SUP0169,SC-001919,consumables,520.18,228
IP01920,SUP0170,SC-001920,spares,348.53,124
IP01921,SUP0171,SC-001921,components,526.12,464
IP01922,SUP0172,SC-001922,packaging,107.31,105
IP01923,SUP0173,SC-001923,finished_goods,657.89,141
IP01924,SUP0174,SC-001924,consumables,185.02,339
IP01925,SUP0175,SC-001925,spares,458.83,356
IP01926,SUP0176,SC-001926,components,133.53,428
IP01927,SUP0177,SC-001927,packaging,203.09,318
IP01928,SUP0178,SC-001928,finished_goods,570.56,447
IP01929,SUP0179,SC-001929,consumables,546.81,320
IP01930,SUP0180,SC-001930,spares,328.98,438
IP01931,SUP0181,SC-001931,components,421.04,490
IP01932,SUP0182,SC-001932,packaging,347.50,272
IP01933,SUP0183,SC-001933,finished_goods,588.29,475
IP01934,SUP0184,SC-001934,consumables,424.95,312
IP01935,SUP0185,SC-001935,spares,473.08,186
IP01936,SUP0186,SC-001936,components,309.08,487
IP01937,SUP0187,SC-001937,packaging,324.61,222
IP01938,SUP0188,SC-001938,finished_goods,522.07,220
IP01939,SUP0189,SC-001939,consumables,759.52,156
IP01940,SUP0190,SC-001940,spares,207.89,494
IP01941,SUP0191,SC-001941,components,809.83,159
IP01942,SUP0192,SC-001942,packaging,243.94,100
IP01943,SUP0193,SC-001943,finished_goods,667.43,461
IP01944,SUP0194,SC-001944,consumables,808.13,103
IP01945,SUP0195,SC-001945,spares,246.91,424
IP01946,SUP0196,SC-001946,components,729.68,483
IP01947,SUP0197,SC-001947,packaging,296.08,142
IP01948,SUP0198,SC-001948,finished_goods,2.54,366
IP01949,SUP0199,SC-001949,consumables,510.74,422
IP01950,SUP0200,SC-001950,spares,671.15,76
IP01951,SUP0201,SC-001951,components,405.70,53
IP01952,SUP0202,SC-001952,packaging,229.81,383
IP01953,SUP0203,SC-001953,finished_goods,517.43,241
IP01954,SUP0204,SC-001954,consumables,478.19,311
IP01955,SUP0205,SC-001955,spares,821.27,374
IP01956,SUP0206,SC-001956,components,104.74,54
IP01957,SUP0207,SC-001957,packaging,280.85,249
IP01958,SUP0208,SC-001958,finished_goods,500.21,187
IP01959,SUP0209,SC-001959,consumables,819.94,144
IP01960,SUP0210,SC-001960,spares,628.89,388
IP01961,SUP0211,SC-001961,components,239.07,422
IP01962,SUP0212,SC-001962,packaging,497.66,186
IP01963,SUP0213,SC-001963,finished_goods,66.62,45
IP01964,SUP0214,SC-001964,consumables,144.25,395
IP01965,SUP0215,SC-001965,spares,305.14,105
IP01966,SUP0216,SC-001966,components,816.71,131
IP01967,SUP0217,SC-001967,packaging,292.43,500
IP01968,SUP0218,SC-001968,finished_goods,224.00,188
IP01969,SUP0219,SC-001969,consumables,142.65,290
IP01970,SUP0220,SC-001970,spares,404.88,143
IP01971,SUP0221,SC-001971,components,626.89,356
IP01972,SUP0222,SC-001972,packaging,506.30,184
IP01973,SUP0223,SC-001973,finished_goods,169.98,219
IP01974,SUP0224,SC-001974,consumables,814.41,451
IP01975,SUP0225,SC-001975,spares,741.56,64
IP01976,SUP0226,SC-001976,components,643.77,44
IP01977,SUP0227,SC-001977,packaging,312.85,222
IP01978,SUP0228,SC-001978,finished_goods,272.58,322
IP01979,SUP0229,SC-001979,consumables,452.14,405
IP01980,SUP0230,SC-001980,spares,31.12,279
IP01981,SUP0231,SC-001981,components,42.20,138
IP01982,SUP0232,SC-001982,packaging,742.60,498
IP01983,SUP0233,SC-001983,finished_goods,301.62,456
IP01984,SUP0234,SC-001984,consumables,707.94,118
IP01985,SUP0235,SC-001985,spares,169.69,341
IP01986,SUP0236,SC-001986,components,394.22,88
IP01987,SUP0237,SC-001987,packaging,653.01,398
IP01988,SUP0238,SC-001988,finished_goods,188.87,231
IP01989,SUP0239,SC-001989,consumables,242.47,276
IP01990,SUP0240,SC-001990,spares,160.93,234
IP01991,SUP0241,SC-001991,components,8.85,129
IP01992,SUP0242,SC-001992,packaging,803.04,265
IP01993,SUP0243,SC-001993,finished_goods,736.35,471
IP01994,SUP0244,SC-001994,consumables,501.97,492
IP01995,SUP0245,SC-001995,spares,230.29,486
IP01996,SUP0246,SC-001996,components,456.54,428
IP01997,SUP0247,SC-001997,packaging,546.47,411
IP01998,SUP0248,SC-001998,finished_goods,594.89,253
IP01999,SUP0249,SC-001999,consumables,204.92,79
IP02000,SUP0250,SC-002000,spares,510.21,286
IP02001,SUP0001,SC-002001,components,451.01,80
IP02002,SUP0002,SC-002002,packaging,375.24,99
IP02003,SUP0003,SC-002003,finished_goods,144.27,239
IP02004,SUP0004,SC-002004,consumables,46.00,147
IP02005,SUP0005,SC-002005,spares,424.74,380
IP02006,SUP0006,SC-002006,components,205.71,179
IP02007,SUP0007,SC-002007,packaging,721.05,309
IP02008,SUP0008,SC-002008,finished_goods,424.15,351
IP02009,SUP0009,SC-002009,consumables,104.85,299
IP02010,SUP0010,SC-002010,spares,141.70,204
IP02011,SUP0011,SC-002011,components,827.66,116
IP02012,SUP0012,SC-002012,packaging,178.04,209
IP02013,SUP0013,SC-002013,finished_goods,285.44,342
IP02014,SUP0014,SC-002014,consumables,711.60,204
IP02015,SUP0015,SC-002015,spares,814.99,325
IP02016,SUP0016,SC-002016,components,381.37,28
IP02017,SUP0017,SC-002017,packaging,506.32,132
IP02018,SUP0018,SC-002018,finished_goods,565.14,287
IP02019,SUP0019,SC-002019,consumables,222.92,326
IP02020,SUP0020,SC-002020,spares,598.26,25
IP02021,SUP0021,SC-002021,components,781.85,364
IP02022,SUP0022,SC-002022,packaging,617.82,357
IP02023,SUP0023,SC-002023,finished_goods,235.66,29
IP02024,SUP0024,SC-002024,consumables,157.22,353
IP02025,SUP0025,SC-002025,spares,685.68,224
IP02026,SUP0026,SC-002026,components,604.88,359
IP02027,SUP0027,SC-002027,packaging,742.47,203
IP02028,SUP0028,SC-002028,finished_goods,493.91,292
IP02029,SUP0029,SC-002029,consumables,686.48,209
IP02030,SUP0030,SC-002030,spares,606.10,217
IP02031,SUP0031,SC-002031,components,439.73,424
IP02032,SUP0032,SC-002032,packaging,438.70,211
IP02033,SUP0033,SC-002033,finished_goods,41.88,37
IP02034,SUP0034,SC-002034,consumables,26.81,462
IP02035,SUP0035,SC-002035,spares,247.55,493
IP02036,SUP0036,SC-002036,components,511.80,368
IP02037,SUP0037,SC-002037,packaging,179.57,116
IP02038,SUP0038,SC-002038,finished_goods,234.27,177
IP02039,SUP0039,SC-002039,consumables,253.68,434
IP02040,SUP0040,SC-002040,spares,52.44,212
IP02041,SUP0041,SC-002041,components,249.46,419
IP02042,SUP0042,SC-002042,packaging,137.37,480
IP02043,SUP0043,SC-002043,finished_goods,656.39,166
IP02044,SUP0044,SC-002044,consumables,427.13,64
IP02045,SUP0045,SC-002045,spares,215.78,25
IP02046,SUP0046,SC-002046,components,642.79,254
IP02047,SUP0047,SC-002047,packaging,473.84,155
IP02048,SUP0048,SC-002048,finished_goods,437.68,56
IP02049,SUP0049,SC-002049,consumables,80.81,206
IP02050,SUP0050,SC-002050,spares,638.18,452
IP02051,SUP0051,SC-002051,components,111.20,174
IP02052,SUP0052,SC-002052,packaging,337.26,277
IP02053,SUP0053,SC-002053,finished_goods,386.37,383
IP02054,SUP0054,SC-002054,consumables,519.71,264
IP02055,SUP0055,SC-002055,spares,769.12,473
IP02056,SUP0056,SC-002056,components,83.81,245
IP02057,SUP0057,SC-002057,packaging,780.57,94
IP02058,SUP0058,SC-002058,finished_goods,612.92,223
IP02059,SUP0059,SC-002059,consumables,628.56,332
IP02060,SUP0060,SC-002060,spares,39.25,329
IP02061,SUP0061,SC-002061,components,570.85,294
IP02062,SUP0062,SC-002062,packaging,595.25,124
IP02063,SUP0063,SC-002063,finished_goods,696.78,241
IP02064,SUP0064,SC-002064,consumables,51.94,208
IP02065,SUP0065,SC-002065,spares,558.46,41
IP02066,SUP0066,SC-002066,components,700.02,409
IP02067,SUP0067,SC-002067,packaging,83.83,459
IP02068,SUP0068,SC-002068,finished_goods,595.74,474
IP02069,SUP0069,SC-002069,consumables,204.67,289
IP02070,SUP0070,SC-002070,spares,346.43,79
IP02071,SUP0071,SC-002071,components,546.74,452
IP02072,SUP0072,SC-002072,packaging,53.94,423
IP02073,SUP0073,SC-002073,finished_goods,823.11,378
IP02074,SUP0074,SC-002074,consumables,189.97,443
IP02075,SUP0075,SC-002075,spares,802.58,298
IP02076,SUP0076,SC-002076,components,399.28,438
IP02077,SUP0077,SC-002077,packaging,771.04,182
IP02078,SUP0078,SC-002078,finished_goods,773.07,82
IP02079,SUP0079,SC-002079,consumables,528.03,35
IP02080,SUP0080,SC-002080,spares,828.89,438
IP02081,SUP0081,SC-002081,components,538.63,106
IP02082,SUP0082,SC-002082,packaging,733.47,306
IP02083,SUP0083,SC-002083,finished_goods,672.34,407
IP02084,SUP0084,SC-002084,consumables,844.36,331
IP02085,SUP0085,SC-002085,spares,526.64,191
IP02086,SUP0086,SC-002086,components,458.73,382
IP02087,SUP0087,SC-002087,packaging,462.96,119
IP02088,SUP0088,SC-002088,finished_goods,211.62,96
IP02089,SUP0089,SC-002089,consumables,627.09,423
IP02090,SUP0090,SC-002090,spares,735.97,466
IP02091,SUP0091,SC-002091,components,157.38,275
IP02092,SUP0092,SC-002092,packaging,496.58,330
IP02093,SUP0093,SC-002093,finished_goods,779.32,58
IP02094,SUP0094,SC-002094,consumables,761.92,463
IP02095,SUP0095,SC-002095,spares,228.65,425
IP02096,SUP0096,SC-002096,components,733.83,227
IP02097,SUP0097,SC-002097,packaging,639.47,99
IP02098,SUP0098,SC-002098,finished_goods,168.16,299
IP02099,SUP0099,SC-002099,consumables,315.63,497
IP02100,SUP0100,SC-002100,spares,154.00,91
IP02101,SUP0101,SC-002101,components,75.25,125
IP02102,SUP0102,SC-002102,packaging,207.94,145
IP02103,SUP0103,SC-002103,finished_goods,42.82,238
IP02104,SUP0104,SC-002104,consumables,541.85,448
IP02105,SUP0105,SC-002105,spares,183.74,329
IP02106,SUP0106,SC-002106,components,369.59,267
IP02107,SUP0107,SC-002107,packaging,716.66,409
IP02108,SUP0108,SC-002108,finished_goods,564.98,356
IP02109,SUP0109,SC-002109,consumables,484.96,252
IP02110,SUP0110,SC-002110,spares,296.63,204
IP02111,SUP0111,SC-002111,components,701.92,164
IP02112,SUP0112,SC-002112,packaging,412.54,426
IP02113,SUP0113,SC-002113,finished_goods,319.19,311
IP02114,SUP0114,SC-002114,consumables,622.67,250
IP02115,SUP0115,SC-002115,spares,147.52,498
IP02116,SUP0116,SC-002116,components,407.84,430
IP02117,SUP0117,SC-002117,packaging,151.71,246
IP02118,SUP0118,SC-002118,finished_goods,251.76,376
IP02119,SUP0119,SC-002119,consumables,681.38,439
IP02120,SUP0120,SC-002120,spares,578.09,183
IP02121,SUP0121,SC-002121,components,650.26,384
IP02122,SUP0122,SC-002122,packaging,728.43,187
IP02123,SUP0123,SC-002123,finished_goods,524.63,448
IP02124,SUP0124,SC-002124,consumables,729.16,154
IP02125,SUP0125,SC-002125,spares,734.47,317
IP02126,SUP0126,SC-002126,components,272.82,75
IP02127,SUP0127,SC-002127,packaging,715.36,308
IP02128,SUP0128,SC-002128,finished_goods,81.57,176
IP02129,SUP0129,SC-002129,consumables,173.05,54
IP02130,SUP0130,SC-002130,spares,370.59,152
IP02131,SUP0131,SC-002131,components,687.59,375
IP02132,SUP0132,SC-002132,packaging,340.76,326
IP02133,SUP0133,SC-002133,finished_goods,297.19,314
IP02134,SUP0134,SC-002134,consumables,257.16,204
IP02135,SUP0135,SC-002135,spares,75.29,341
IP02136,SUP0136,SC-002136,components,147.49,52
IP02137,SUP0137,SC-002137,packaging,394.20,251
IP02138,SUP0138,SC-002138,finished_goods,17.40,81
IP02139,SUP0139,SC-002139,consumables,68.15,333
IP02140,SUP0140,SC-002140,spares,826.25,276
IP02141,SUP0141,SC-002141,components,491.61,256
IP02142,SUP0142,SC-002142,packaging,54.26,350
IP02143,SUP0143,SC-002143,finished_goods,328.08,107
IP02144,SUP0144,SC-002144,consumables,730.71,277
IP02145,SUP0145,SC-002145,spares,482.25,239
IP02146,SUP0146,SC-002146,components,825.70,357
IP02147,SUP0147,SC-002147,packaging,297.53,58
IP02148,SUP0148,SC-002148,finished_goods,301.78,324
IP02149,SUP0149,SC-002149,consumables,184.63,218
IP02150,SUP0150,SC-002150,spares,162.62,71
IP02151,SUP0151,SC-002151,components,686.84,180
IP02152,SUP0152,SC-002152,packaging,590.07,254
IP02153,SUP0153,SC-002153,finished_goods,204.37,160
IP02154,SUP0154,SC-002154,consumables,810.67,205
IP02155,SUP0155,SC-002155,spares,337.43,156
IP02156,SUP0156,SC-002156,components,218.03,413
IP02157,SUP0157,SC-002157,packaging,805.44,253
IP02158,SUP0158,SC-002158,finished_goods,264.24,483
IP02159,SUP0159,SC-002159,consumables,556.34,279
IP02160,SUP0160,SC-002160,spares,346.88,285
IP02161,SUP0161,SC-002161,components,514.45,81
IP02162,SUP0162,SC-002162,packaging,267.23,164
IP02163,SUP0163,SC-002163,finished_goods,386.31,267
IP02164,SUP0164,SC-002164,consumables,254.65,150
IP02165,SUP0165,SC-002165,spares,364.65,72
IP02166,SUP0166,SC-002166,components,661.89,84
IP02167,SUP0167,SC-002167,packaging,735.56,116
IP02168,SUP0168,SC-002168,finished_goods,598.18,315
IP02169,SUP0169,SC-002169,consumables,708.06,440
IP02170,SUP0170,SC-002170,spares,663.86,439
IP02171,SUP0171,SC-002171,components,466.32,91
IP02172,SUP0172,SC-002172,packaging,716.14,225
IP02173,SUP0173,SC-002173,finished_goods,109.56,108
IP02174,SUP0174,SC-002174,consumables,241.54,451
IP02175,SUP0175,SC-002175,spares,130.07,138
IP02176,SUP0176,SC-002176,components,755.66,354
IP02177,SUP0177,SC-002177,packaging,608.63,448
IP02178,SUP0178,SC-002178,finished_goods,508.12,132
IP02179,SUP0179,SC-002179,consumables,34.63,325
IP02180,SUP0180,SC-002180,spares,695.20,455
IP02181,SUP0181,SC-002181,components,167.90,204
IP02182,SUP0182,SC-002182,packaging,497.00,272
IP02183,SUP0183,SC-002183,finished_goods,466.64,284
IP02184,SUP0184,SC-002184,consumables,350.82,169
IP02185,SUP0185,SC-002185,spares,849.42,488
IP02186,SUP0186,SC-002186,components,243.33,248
IP02187,SUP0187,SC-002187,packaging,420.61,329
IP02188,SUP0188,SC-002188,finished_goods,257.92,416
IP02189,SUP0189,SC-002189,consumables,847.96,41
IP02190,SUP0190,SC-002190,spares,86.86,48
IP02191,SUP0191,SC-002191,components,138.83,112
IP02192,SUP0192,SC-002192,packaging,775.81,316
IP02193,SUP0193,SC-002193,finished_goods,394.11,126
IP02194,SUP0194,SC-002194,consumables,363.96,86
IP02195,SUP0195,SC-002195,spares,419.06,203
IP02196,SUP0196,SC-002196,components,326.84,117
IP02197,SUP0197,SC-002197,packaging,150.34,269
IP02198,SUP0198,SC-002198,finished_goods,7.63,412
IP02199,SUP0199,SC-002199,consumables,770.19,320
IP02200,SUP0200,SC-002200,spares,288.50,111
IP02201,SUP0201,SC-002201,components,312.02,348
IP02202,SUP0202,SC-002202,packaging,646.99,272
IP02203,SUP0203,SC-002203,finished_goods,72.44,395
IP02204,SUP0204,SC-002204,consumables,459.13,406
IP02205,SUP0205,SC-002205,spares,25.32,198
IP02206,SUP0206,SC-002206,components,734.96,381
IP02207,SUP0207,SC-002207,packaging,285.55,238
IP02208,SUP0208,SC-002208,finished_goods,391.17,384
IP02209,SUP0209,SC-002209,consumables,715.20,152
IP02210,SUP0210,SC-002210,spares,441.57,177
IP02211,SUP0211,SC-002211,components,34.82,480
IP02212,SUP0212,SC-002212,packaging,571.91,324
IP02213,SUP0213,SC-002213,finished_goods,214.89,449
IP02214,SUP0214,SC-002214,consumables,657.33,431
IP02215,SUP0215,SC-002215,spares,562.81,360
IP02216,SUP0216,SC-002216,components,59.99,76
IP02217,SUP0217,SC-002217,packaging,436.30,380
IP02218,SUP0218,SC-002218,finished_goods,559.56,143
IP02219,SUP0219,SC-002219,consumables,362.28,233
IP02220,SUP0220,SC-002220,spares,421.83,433
IP02221,SUP0221,SC-002221,components,467.90,177
IP02222,SUP0222,SC-002222,packaging,731.37,240
IP02223,SUP0223,SC-002223,finished_goods,788.56,269
IP02224,SUP0224,SC-002224,consumables,42.52,344
IP02225,SUP0225,SC-002225,spares,209.80,356
IP02226,SUP0226,SC-002226,components,633.96,29
IP02227,SUP0227,SC-002227,packaging,232.93,364
IP02228,SUP0228,SC-002228,finished_goods,292.38,356
IP02229,SUP0229,SC-002229,consumables,669.80,278
IP02230,SUP0230,SC-002230,spares,166.49,392
IP02231,SUP0231,SC-002231,components,190.53,254
IP02232,SUP0232,SC-002232,packaging,224.52,171
IP02233,SUP0233,SC-002233,finished_goods,562.33,26
IP02234,SUP0234,SC-002234,consumables,721.14,105
IP02235,SUP0235,SC-002235,spares,518.35,166
IP02236,SUP0236,SC-002236,components,523.24,306
IP02237,SUP0237,SC-002237,packaging,703.66,70
IP02238,SUP0238,SC-002238,finished_goods,513.04,177
IP02239,SUP0239,SC-002239,consumables,761.98,440
IP02240,SUP0240,SC-002240,spares,97.78,35
IP02241,SUP0241,SC-002241,components,812.20,460
IP02242,SUP0242,SC-002242,packaging,135.97,359
IP02243,SUP0243,SC-002243,finished_goods,486.34,328
IP02244,SUP0244,SC-002244,consumables,389.62,354
IP02245,SUP0245,SC-002245,spares,58.40,218
IP02246,SUP0246,SC-002246,components,528.24,92
IP02247,SUP0247,SC-002247,packaging,429.69,38
IP02248,SUP0248,SC-002248,finished_goods,288.38,134
IP02249,SUP0249,SC-002249,consumables,231.80,392
IP02250,SUP0250,SC-002250,spares,619.75,338
IP02251,SUP0001,SC-002251,components,815.98,84
IP02252,SUP0002,SC-002252,packaging,43.81,153
IP02253,SUP0003,SC-002253,finished_goods,439.21,222
IP02254,SUP0004,SC-002254,consumables,123.16,224
IP02255,SUP0005,SC-002255,spares,753.40,129
IP02256,SUP0006,SC-002256,components,674.24,55
IP02257,SUP0007,SC-002257,packaging,63.66,393
IP02258,SUP0008,SC-002258,finished_goods,799.00,45
IP02259,SUP0009,SC-002259,consumables,818.92,458
IP02260,SUP0010,SC-002260,spares,648.81,166
IP02261,SUP0011,SC-002261,components,282.70,396
IP02262,SUP0012,SC-002262,packaging,148.11,204
IP02263,SUP0013,SC-002263,finished_goods,385.81,154
IP02264,SUP0014,SC-002264,consumables,849.09,327
IP02265,SUP0015,SC-002265,spares,804.57,285
IP02266,SUP0016,SC-002266,components,212.24,27
IP02267,SUP0017,SC-002267,packaging,268.63,130
IP02268,SUP0018,SC-002268,finished_goods,250.61,337
IP02269,SUP0019,SC-002269,consumables,259.18,376
IP02270,SUP0020,SC-002270,spares,619.84,243
IP02271,SUP0021,SC-002271,components,159.47,201
IP02272,SUP0022,SC-002272,packaging,147.84,230
IP02273,SUP0023,SC-002273,finished_goods,384.27,335
IP02274,SUP0024,SC-002274,consumables,248.71,86
IP02275,SUP0025,SC-002275,spares,405.67,42
IP02276,SUP0026,SC-002276,components,457.57,89
IP02277,SUP0027,SC-002277,packaging,307.81,313
IP02278,SUP0028,SC-002278,finished_goods,350.36,43
IP02279,SUP0029,SC-002279,consumables,311.91,328
IP02280,SUP0030,SC-002280,spares,406.15,374
IP02281,SUP0031,SC-002281,components,240.94,460
IP02282,SUP0032,SC-002282,packaging,757.17,216
IP02283,SUP0033,SC-002283,finished_goods,477.06,371
IP02284,SUP0034,SC-002284,consumables,341.19,98
IP02285,SUP0035,SC-002285,spares,115.10,463
IP02286,SUP0036,SC-002286,components,583.54,361
IP02287,SUP0037,SC-002287,packaging,650.24,326
IP02288,SUP0038,SC-002288,finished_goods,111.00,492
IP02289,SUP0039,SC-002289,consumables,354.40,332
IP02290,SUP0040,SC-002290,spares,516.47,340
IP02291,SUP0041,SC-002291,components,410.48,173
IP02292,SUP0042,SC-002292,packaging,672.99,353
IP02293,SUP0043,SC-002293,finished_goods,590.81,369
IP02294,SUP0044,SC-002294,consumables,280.90,374
IP02295,SUP0045,SC-002295,spares,392.13,226
IP02296,SUP0046,SC-002296,components,386.41,114
IP02297,SUP0047,SC-002297,packaging,361.41,482
IP02298,SUP0048,SC-002298,finished_goods,327.19,276
IP02299,SUP0049,SC-002299,consumables,265.79,318
IP02300,SUP0050,SC-002300,spares,343.56,132
IP02301,SUP0051,SC-002301,components,64.19,275
IP02302,SUP0052,SC-002302,packaging,781.05,431
IP02303,SUP0053,SC-002303,finished_goods,306.94,159
IP02304,SUP0054,SC-002304,consumables,467.06,201
IP02305,SUP0055,SC-002305,spares,414.99,303
IP02306,SUP0056,SC-002306,components,643.57,322
IP02307,SUP0057,SC-002307,packaging,593.06,329
IP02308,SUP0058,SC-002308,finished_goods,224.27,31
IP02309,SUP0059,SC-002309,consumables,311.73,214
IP02310,SUP0060,SC-002310,spares,165.08,285
IP02311,SUP0061,SC-002311,components,557.78,389
IP02312,SUP0062,SC-002312,packaging,72.19,450
IP02313,SUP0063,SC-002313,finished_goods,788.62,493
IP02314,SUP0064,SC-002314,consumables,395.86,74
IP02315,SUP0065,SC-002315,spares,217.83,477
IP02316,SUP0066,SC-002316,components,28.78,158
IP02317,SUP0067,SC-002317,packaging,827.42,200
IP02318,SUP0068,SC-002318,finished_goods,537.44,94
IP02319,SUP0069,SC-002319,consumables,153.65,481
IP02320,SUP0070,SC-002320,spares,74.08,180
IP02321,SUP0071,SC-002321,components,111.47,443
IP02322,SUP0072,SC-002322,packaging,147.02,358
IP02323,SUP0073,SC-002323,finished_goods,229.01,48
IP02324,SUP0074,SC-002324,consumables,816.66,149
IP02325,SUP0075,SC-002325,spares,360.84,370
IP02326,SUP0076,SC-002326,components,122.12,251
IP02327,SUP0077,SC-002327,packaging,4.83,403
IP02328,SUP0078,SC-002328,finished_goods,322.99,179
IP02329,SUP0079,SC-002329,consumables,344.67,397
IP02330,SUP0080,SC-002330,spares,1.93,349
IP02331,SUP0081,SC-002331,components,422.50,395
IP02332,SUP0082,SC-002332,packaging,544.16,372
IP02333,SUP0083,SC-002333,finished_goods,744.54,120
IP02334,SUP0084,SC-002334,consumables,646.53,470
IP02335,SUP0085,SC-002335,spares,734.33,99
IP02336,SUP0086,SC-002336,components,396.59,258
IP02337,SUP0087,SC-002337,packaging,103.86,79
IP02338,SUP0088,SC-002338,finished_goods,749.58,392
IP02339,SUP0089,SC-002339,consumables,444.67,168
IP02340,SUP0090,SC-002340,spares,59.02,291
IP02341,SUP0091,SC-002341,components,597.35,434
IP02342,SUP0092,SC-002342,packaging,568.80,105
IP02343,SUP0093,SC-002343,finished_goods,512.79,369
IP02344,SUP0094,SC-002344,consumables,42.80,341
IP02345,SUP0095,SC-002345,spares,828.70,375
IP02346,SUP0096,SC-002346,components,667.18,47
IP02347,SUP0097,SC-002347,packaging,445.20,90
IP02348,SUP0098,SC-002348,finished_goods,417.95,216
IP02349,SUP0099,SC-002349,consumables,114.95,401
IP02350,SUP0100,SC-002350,spares,244.93,222
IP02351,SUP0101,SC-002351,components,658.64,40
IP02352,SUP0102,SC-002352,packaging,833.29,466
IP02353,SUP0103,SC-002353,finished_goods,843.17,174
IP02354,SUP0104,SC-002354,consumables,133.42,272
IP02355,SUP0105,SC-002355,spares,585.86,392
IP02356,SUP0106,SC-002356,components,307.07,98
IP02357,SUP0107,SC-002357,packaging,33.29,82
IP02358,SUP0108,SC-002358,finished_goods,368.56,129
IP02359,SUP0109,SC-002359,consumables,699.05,158
IP02360,SUP0110,SC-002360,spares,213.40,433
IP02361,SUP0111,SC-002361,components,596.01,170
IP02362,SUP0112,SC-002362,packaging,813.18,488
IP02363,SUP0113,SC-002363,finished_goods,283.51,143
IP02364,SUP0114,SC-002364,consumables,801.39,295
IP02365,SUP0115,SC-002365,spares,663.16,494
IP02366,SUP0116,SC-002366,components,689.25,201
IP02367,SUP0117,SC-002367,packaging,52.42,393
IP02368,SUP0118,SC-002368,finished_goods,383.32,358
IP02369,SUP0119,SC-002369,consumables,231.08,432
IP02370,SUP0120,SC-002370,spares,399.89,154
IP02371,SUP0121,SC-002371,components,385.74,167
IP02372,SUP0122,SC-002372,packaging,57.78,303
IP02373,SUP0123,SC-002373,finished_goods,360.57,364
IP02374,SUP0124,SC-002374,consumables,478.29,123
IP02375,SUP0125,SC-002375,spares,527.67,67
IP02376,SUP0126,SC-002376,components,633.47,32
IP02377,SUP0127,SC-002377,packaging,792.82,468
IP02378,SUP0128,SC-002378,finished_goods,603.51,253
IP02379,SUP0129,SC-002379,consumables,803.35,101
IP02380,SUP0130,SC-002380,spares,102.89,152
IP02381,SUP0131,SC-002381,components,87.42,70
IP02382,SUP0132,SC-002382,packaging,223.51,483
IP02383,SUP0133,SC-002383,finished_goods,213.55,271
IP02384,SUP0134,SC-002384,consumables,641.71,220
IP02385,SUP0135,SC-002385,spares,269.00,75
IP02386,SUP0136,SC-002386,components,529.37,370
IP02387,SUP0137,SC-002387,packaging,426.95,240
IP02388,SUP0138,SC-002388,finished_goods,838.47,481
IP02389,SUP0139,SC-002389,consumables,610.91,298
IP02390,SUP0140,SC-002390,spares,181.97,459
IP02391,SUP0141,SC-002391,components,413.91,270
IP02392,SUP0142,SC-002392,packaging,166.10,408
IP02393,SUP0143,SC-002393,finished_goods,569.42,354
IP02394,SUP0144,SC-002394,consumables,342.03,308
IP02395,SUP0145,SC-002395,spares,465.91,329
IP02396,SUP0146,SC-002396,components,352.52,399
IP02397,SUP0147,SC-002397,packaging,52.81,37
IP02398,SUP0148,SC-002398,finished_goods,597.51,92
IP02399,SUP0149,SC-002399,consumables,141.88,333
IP02400,SUP0150,SC-002400,spares,42.83,468
IP02401,SUP0151,SC-002401,components,249.60,435
IP02402,SUP0152,SC-002402,packaging,269.52,201
IP02403,SUP0153,SC-002403,finished_goods,560.93,411
IP02404,SUP0154,SC-002404,consumables,94.68,375
IP02405,SUP0155,SC-002405,spares,831.75,250
IP02406,SUP0156,SC-002406,components,586.17,207
IP02407,SUP0157,SC-002407,packaging,779.99,90
IP02408,SUP0158,SC-002408,finished_goods,151.16,343
IP02409,SUP0159,SC-002409,consumables,743.99,371
IP02410,SUP0160,SC-002410,spares,642.92,164
IP02411,SUP0161,SC-002411,components,17.60,316
IP02412,SUP0162,SC-002412,packaging,596.51,481
IP02413,SUP0163,SC-002413,finished_goods,438.58,349
IP02414,SUP0164,SC-002414,consumables,278.68,176
IP02415,SUP0165,SC-002415,spares,553.67,384
IP02416,SUP0166,SC-002416,components,447.72,200
IP02417,SUP0167,SC-002417,packaging,770.95,75
IP02418,SUP0168,SC-002418,finished_goods,557.99,131
IP02419,SUP0169,SC-002419,consumables,555.59,343
IP02420,SUP0170,SC-002420,spares,359.17,239
IP02421,SUP0171,SC-002421,components,561.73,176
IP02422,SUP0172,SC-002422,packaging,753.62,477
IP02423,SUP0173,SC-002423,finished_goods,221.67,452
IP02424,SUP0174,SC-002424,consumables,647.77,271
IP02425,SUP0175,SC-002425,spares,148.59,198
IP02426,SUP0176,SC-002426,components,73.75,110
IP02427,SUP0177,SC-002427,packaging,559.41,333
IP02428,SUP0178,SC-002428,finished_goods,703.75,80
IP02429,SUP0179,SC-002429,consumables,377.13,287
IP02430,SUP0180,SC-002430,spares,468.23,114
IP02431,SUP0181,SC-002431,components,129.53,406
IP02432,SUP0182,SC-002432,packaging,122.49,25
IP02433,SUP0183,SC-002433,finished_goods,449.16,136
IP02434,SUP0184,SC-002434,consumables,466.23,145
IP02435,SUP0185,SC-002435,spares,524.29,185
IP02436,SUP0186,SC-002436,components,404.01,450
IP02437,SUP0187,SC-002437,packaging,186.42,127
IP02438,SUP0188,SC-002438,finished_goods,830.84,54
IP02439,SUP0189,SC-002439,consumables,74.66,151
IP02440,SUP0190,SC-002440,spares,405.12,411
IP02441,SUP0191,SC-002441,components,834.34,350
IP02442,SUP0192,SC-002442,packaging,109.34,451
IP02443,SUP0193,SC-002443,finished_goods,15.65,189
IP02444,SUP0194,SC-002444,consumables,647.30,220
IP02445,SUP0195,SC-002445,spares,829.97,35
IP02446,SUP0196,SC-002446,components,739.00,190
IP02447,SUP0197,SC-002447,packaging,315.08,299
IP02448,SUP0198,SC-002448,finished_goods,356.43,155
IP02449,SUP0199,SC-002449,consumables,446.66,43
IP02450,SUP0200,SC-002450,spares,317.57,434
IP02451,SUP0201,SC-002451,components,740.18,120
IP02452,SUP0202,SC-002452,packaging,791.13,439
IP02453,SUP0203,SC-002453,finished_goods,253.40,397
IP02454,SUP0204,SC-002454,consumables,361.05,186
IP02455,SUP0205,SC-002455,spares,41.39,453
IP02456,SUP0206,SC-002456,components,825.87,402
IP02457,SUP0207,SC-002457,packaging,183.32,320
IP02458,SUP0208,SC-002458,finished_goods,726.78,490
IP02459,SUP0209,SC-002459,consumables,354.72,454
IP02460,SUP0210,SC-002460,spares,496.53,201
IP02461,SUP0211,SC-002461,components,530.75,358
IP02462,SUP0212,SC-002462,packaging,374.38,43
IP02463,SUP0213,SC-002463,finished_goods,803.43,221
IP02464,SUP0214,SC-002464,consumables,461.48,445
IP02465,SUP0215,SC-002465,spares,190.60,214
IP02466,SUP0216,SC-002466,components,380.93,34
IP02467,SUP0217,SC-002467,packaging,426.95,275
IP02468,SUP0218,SC-002468,finished_goods,225.99,235
IP02469,SUP0219,SC-002469,consumables,774.50,287
IP02470,SUP0220,SC-002470,spares,402.24,398
IP02471,SUP0221,SC-002471,components,829.77,246
IP02472,SUP0222,SC-002472,packaging,774.60,263
IP02473,SUP0223,SC-002473,finished_goods,447.49,71
IP02474,SUP0224,SC-002474,consumables,542.07,458
IP02475,SUP0225,SC-002475,spares,209.19,88
IP02476,SUP0226,SC-002476,components,554.97,245
IP02477,SUP0227,SC-002477,packaging,105.77,324
IP02478,SUP0228,SC-002478,finished_goods,764.93,423
IP02479,SUP0229,SC-002479,consumables,664.74,70
IP02480,SUP0230,SC-002480,spares,273.93,224
IP02481,SUP0231,SC-002481,components,667.38,244
IP02482,SUP0232,SC-002482,packaging,825.79,190
IP02483,SUP0233,SC-002483,finished_goods,563.18,486
IP02484,SUP0234,SC-002484,consumables,639.26,447
IP02485,SUP0235,SC-002485,spares,659.07,440
IP02486,SUP0236,SC-002486,components,113.43,181
IP02487,SUP0237,SC-002487,packaging,470.48,327
IP02488,SUP0238,SC-002488,finished_goods,797.05,396
IP02489,SUP0239,SC-002489,consumables,241.37,86
IP02490,SUP0240,SC-002490,spares,403.29,310
IP02491,SUP0241,SC-002491,components,182.44,383
IP02492,SUP0242,SC-002492,packaging,829.93,259
IP02493,SUP0243,SC-002493,finished_goods,834.76,37
IP02494,SUP0244,SC-002494,consumables,316.33,178
IP02495,SUP0245,SC-002495,spares,797.94,407
IP02496,SUP0246,SC-002496,components,368.23,50
IP02497,SUP0247,SC-002497,packaging,843.81,133
IP02498,SUP0248,SC-002498,finished_goods,798.59,263
IP02499,SUP0249,SC-002499,consumables,282.22,423
IP02500,SUP0250,SC-002500,spares,277.80,42
